id_parcelle,pH_sol,azote_N_kg_ha,phosphore_P_kg_ha,potassium_K_kg_ha,pluviometrie_mm,temperature_moy_C,humidite_air_pct,type_sol,region,methode_irrigation,niveau_ensoleillement,qualite_drainage,niveau_fertilite_sol,classe_culture
P0262,6.56,49.8,43.5,63.7,670.9,21.2,44.8,Limoneux,Ouest,Pluvial,Eleve,Bon,Moyen,Legumineuses
P0133,6.28,146.7,56.8,79.5,736.7,21.5,63.2,Argilo-limoneux,Centre,Pluvial,Moyen,Excellent,Moyen,Cereales
P0576,5.79,60.8,64.1,117.1,737.2,29.7,56.7,Sableux,Nord,Gravitaire,Eleve,Moyen,Moyen,Cultures_industrielles
P0455,6.68,90.8,35.3,88.0,595.6,25.3,38.5,Argileux,Est,Pluvial,Eleve,Excellent,Eleve,Cultures_industrielles
P0338,6.1,117.2,124.6,94.8,610.4,30.4,69.3,Argileux,Ouest,Aspersion,Eleve,Excellent,Eleve,Maraichage
P0581,6.77,102.2,78.7,65.5,572.1,30.5,61.6,Sableux,Est,Gravitaire,Moyen,Bon,Moyen,Cultures_industrielles
P0317,6.49,151.9,55.0,117.7,578.1,24.9,59.4,Argileux,Sud,Goutte-a-goutte,Faible,Moyen,Moyen,Maraichage
P0440,6.23,140.0,109.7,117.8,714.2,22.4,60.8,Argilo-limoneux,Nord,Aspersion,Eleve,Excellent,Eleve,Maraichage
P0054,6.94,136.1,58.1,78.4,600.4,21.6,71.6,Limoneux,Nord,Aspersion,Moyen,Bon,Eleve,Cereales
P0398,6.14,140.8,98.1,136.2,540.7,23.2,58.9,Limoneux,Est,Goutte-a-goutte,Eleve,Excellent,Moyen,Maraichage
P0061,6.51,126.4,66.2,74.1,648.4,22.4,65.1,Argileux,Est,Goutte-a-goutte,Moyen,Moyen,Bas,Cereales
P0586,5.98,110.2,63.1,50.8,577.2,24.7,31.8,Limoneux,Ouest,Aspersion,Moyen,Moyen,Moyen,Cultures_industrielles
P0497,7.21,94.1,48.4,72.4,563.9,31.5,46.2,Sableux,Sud,Pluvial,Eleve,Excellent,Moyen,Cultures_industrielles
P0273,6.55,32.1,25.0,50.6,622.8,21.2,56.6,Limoneux,Sud,Pluvial,Moyen,Moyen,Bas,Legumineuses
P0279,6.41,28.4,50.5,47.8,627.2,14.5,46.4,Argilo-limoneux,Ouest,Pluvial,Moyen,Moyen,Moyen,Legumineuses
P0278,7.11,42.5,67.8,66.2,371.3,20.7,61.8,Limoneux,Est,Pluvial,Moyen,Bon,Moyen,Legumineuses
P0405,6.39,147.4,114.2,102.0,742.1,19.1,51.7,Limoneux,Centre,Aspersion,Eleve,Bon,Eleve,Maraichage
P0355,5.66,167.3,74.9,84.7,964.3,24.7,61.8,Limoneux,Centre,Goutte-a-goutte,Moyen,Excellent,Eleve,Maraichage
P0370,6.71,127.6,104.4,70.0,500.0,20.1,70.3,Limoneux,Sud,Aspersion,Moyen,Excellent,Eleve,Maraichage
P0307,6.71,153.9,77.8,125.8,914.0,22.1,51.8,Argilo-limoneux,Centre,Goutte-a-goutte,Faible,Excellent,Eleve,Maraichage
P0244,6.72,35.9,48.8,33.3,558.3,20.7,56.5,Sablo-limoneux,Centre,Pluvial,Eleve,Bon,Eleve,Legumineuses
P0539,6.8,105.6,54.4,69.9,572.3,33.1,34.8,Sableux,Centre,Gravitaire,Eleve,Bon,Bas,Cultures_industrielles
P0389,6.6,124.5,82.2,135.0,763.3,31.2,61.2,Limoneux,Ouest,Goutte-a-goutte,Eleve,Bon,Bas,Maraichage
P0545,6.38,95.9,53.8,77.7,570.6,32.2,37.1,Limoneux,Sud,Gravitaire,Moyen,Moyen,Eleve,Cultures_industrielles
P0098,6.8,101.9,76.2,67.0,587.4,30.0,65.1,Argilo-limoneux,Ouest,Pluvial,Moyen,Moyen,Eleve,Cereales
P0553,7.17,97.7,54.5,78.4,628.5,31.4,35.5,Limoneux,Ouest,Pluvial,Moyen,Mauvais,Moyen,Cultures_industrielles
P0471,6.9,86.4,60.5,93.8,532.2,24.8,60.2,Limoneux,Nord,Gravitaire,Eleve,Moyen,Bas,Cultures_industrielles
P0423,6.61,167.0,90.8,105.8,574.7,22.9,53.9,Argileux,Nord,Pluvial,Eleve,Bon,Eleve,Maraichage
P0345,6.07,136.9,55.0,131.3,565.8,23.0,65.9,Limoneux,Est,Pluvial,Eleve,Excellent,Moyen,Maraichage
P0552,7.62,70.7,48.8,109.4,754.0,26.3,62.0,Argileux,Sud,Pluvial,Eleve,Bon,Bas,Cultures_industrielles
P0546,7.24,84.5,44.6,95.0,678.9,27.5,30.0,Argileux,Centre,Gravitaire,Moyen,Mauvais,Moyen,Cultures_industrielles
P0071,6.84,161.3,60.3,45.0,812.1,21.4,61.0,Limoneux,Centre,Aspersion,Moyen,Moyen,Moyen,Cereales
P0540,6.89,113.1,40.8,102.3,280.0,30.8,52.5,Argileux,Centre,Aspersion,Moyen,Bon,Moyen,Cultures_industrielles
P0309,6.4,140.7,104.3,108.3,730.9,28.9,71.1,Argileux,Centre,Goutte-a-goutte,Eleve,Excellent,Eleve,Maraichage
P0188,5.86,39.1,52.9,52.1,471.2,25.8,62.7,Sablo-limoneux,Est,Goutte-a-goutte,Eleve,Excellent,Moyen,Legumineuses
P0599,7.78,79.9,31.7,96.3,741.6,30.4,31.5,Sableux,Centre,Aspersion,Eleve,Moyen,Bas,Cultures_industrielles
P0494,6.1,91.2,25.0,71.3,595.9,27.2,53.2,Limoneux,Est,Gravitaire,Moyen,Bon,Eleve,Cultures_industrielles
P0292,6.4,38.0,43.8,51.2,355.9,16.1,51.0,Argilo-limoneux,Nord,Pluvial,Eleve,Bon,Bas,Legumineuses
P0431,5.98,118.9,89.5,156.0,820.8,19.8,62.4,Argilo-limoneux,Est,Goutte-a-goutte,Faible,Excellent,Eleve,Maraichage
P0194,6.15,42.2,35.5,56.5,499.7,18.7,38.0,Sablo-limoneux,Centre,Aspersion,Moyen,Bon,Eleve,Legumineuses
P0285,6.02,52.8,39.9,32.1,425.2,24.0,53.7,Limoneux,Ouest,Pluvial,Moyen,Moyen,Moyen,Legumineuses
P0500,6.68,77.5,67.3,117.5,509.7,24.3,45.1,Argileux,Ouest,Gravitaire,Eleve,Moyen,Moyen,Cultures_industrielles
P0306,6.24,155.2,102.0,133.5,590.9,22.4,73.4,Argilo-limoneux,Ouest,Aspersion,Eleve,Bon,Eleve,Maraichage
P0282,5.89,37.9,46.2,46.4,601.2,21.6,54.1,Sablo-limoneux,Nord,Pluvial,Moyen,Moyen,Moyen,Legumineuses
P0541,6.88,71.4,56.1,86.6,466.5,33.6,50.7,Limoneux,Est,Pluvial,Eleve,Mauvais,Bas,Cultures_industrielles
P0205,6.45,23.4,33.7,48.7,613.1,22.7,55.8,Limoneux,Est,Aspersion,Moyen,Bon,Eleve,Legumineuses
P0328,6.19,133.8,102.3,114.4,854.9,24.6,55.3,Argileux,Nord,Aspersion,Eleve,Bon,Eleve,Maraichage
P0014,5.93,98.6,69.8,73.2,598.7,22.7,72.6,Argilo-limoneux,Est,Aspersion,Faible,Bon,Moyen,Cereales
P0515,5.97,91.3,52.7,86.5,566.8,25.4,50.1,Sableux,Ouest,Pluvial,Eleve,Moyen,Eleve,Cultures_industrielles
P0004,7.31,119.6,67.3,77.6,822.0,26.2,70.2,Argileux,Nord,Pluvial,Moyen,Bon,Moyen,Cereales
P0100,6.61,123.1,74.9,60.9,683.4,21.4,64.6,Argilo-limoneux,Nord,Pluvial,Faible,Moyen,Moyen,Cereales
P0501,8.2,70.4,45.4,71.8,611.0,27.5,52.2,Argileux,Est,Pluvial,Eleve,Excellent,Moyen,Cultures_industrielles
P0236,6.72,44.0,64.8,41.0,448.2,19.6,60.1,Argilo-limoneux,Est,Goutte-a-goutte,Eleve,Bon,Eleve,Legumineuses
P0542,6.79,91.4,42.8,91.9,638.9,29.6,44.6,Limoneux,Sud,Pluvial,Moyen,Excellent,Moyen,Cultures_industrielles
P0559,8.2,91.8,85.0,75.6,592.2,22.1,38.8,Argileux,Centre,Pluvial,Eleve,Bon,Bas,Cultures_industrielles
P0359,5.52,144.5,62.3,106.8,723.2,26.2,65.6,Argileux,Nord,Goutte-a-goutte,Moyen,Excellent,Moyen,Maraichage
P0223,6.61,45.6,40.3,61.9,463.8,22.0,56.7,Sablo-limoneux,Ouest,Pluvial,Moyen,Excellent,Bas,Legumineuses
P0053,6.43,136.7,70.3,49.0,675.8,23.3,50.0,Limoneux,Centre,Aspersion,Moyen,Bon,Bas,Cereales
P0210,6.19,49.5,36.8,65.7,612.8,21.0,51.9,Sablo-limoneux,Sud,Pluvial,Moyen,Moyen,Moyen,Legumineuses
P0442,6.36,190.0,86.8,117.5,718.1,25.9,63.3,Limoneux,Est,Pluvial,Eleve,Excellent,Moyen,Maraichage
P0173,6.89,45.5,51.7,64.9,478.3,23.6,46.7,Argilo-limoneux,Centre,Goutte-a-goutte,Moyen,Bon,Eleve,Legumineuses
P0260,5.7,37.8,37.1,36.6,350.0,26.0,65.9,Limoneux,Nord,Goutte-a-goutte,Moyen,Bon,Moyen,Legumineuses
P0051,6.83,122.2,63.7,83.9,866.4,25.8,58.1,Argilo-limoneux,Nord,Aspersion,Moyen,Bon,Moyen,Cereales
P0572,8.2,88.4,67.4,105.8,599.3,25.8,32.8,Sableux,Ouest,Aspersion,Eleve,Bon,Moyen,Cultures_industrielles
P0203,6.2,42.0,43.1,33.1,605.9,21.9,56.4,Limoneux,Sud,Aspersion,Moyen,Bon,Moyen,Legumineuses
P0323,5.95,172.0,119.9,116.4,868.1,21.4,71.7,Argilo-limoneux,Sud,Goutte-a-goutte,Moyen,Excellent,Eleve,Maraichage
P0418,5.78,112.6,72.6,148.4,500.0,27.0,73.2,Argileux,Nord,Aspersion,Moyen,Bon,Eleve,Maraichage
P0470,7.4,70.0,34.1,94.9,522.8,24.9,39.3,Limoneux,Sud,Gravitaire,Eleve,Moyen,Bas,Cultures_industrielles
P0031,6.46,127.5,59.9,68.1,547.7,23.5,55.6,Limoneux,Est,Pluvial,Faible,Excellent,Bas,Cereales
P0354,5.98,187.0,94.3,120.9,688.5,21.0,68.2,Argilo-limoneux,Sud,Goutte-a-goutte,Eleve,Excellent,Eleve,Maraichage
P0565,6.99,86.8,38.5,106.9,453.4,29.3,26.7,Argileux,Sud,Gravitaire,Eleve,Bon,Moyen,Cultures_industrielles
P0352,6.75,136.9,87.3,127.2,755.6,26.3,71.4,Limoneux,Centre,Goutte-a-goutte,Moyen,Excellent,Eleve,Maraichage
P0237,6.0,34.3,38.3,35.9,525.6,21.7,61.7,Argilo-limoneux,Est,Goutte-a-goutte,Moyen,Excellent,Moyen,Legumineuses
P0116,6.82,90.0,51.0,63.9,799.3,21.8,61.6,Limoneux,Nord,Aspersion,Moyen,Bon,Moyen,Cereales
P0409,6.12,145.6,127.8,118.7,726.0,26.4,54.4,Argilo-limoneux,Ouest,Goutte-a-goutte,Eleve,Excellent,Moyen,Maraichage
P0052,6.55,126.2,77.7,98.6,801.4,21.5,62.8,Argileux,Centre,Goutte-a-goutte,Eleve,Excellent,Bas,Cereales
P0102,6.53,133.4,52.8,67.7,794.4,21.3,67.4,Limoneux,Est,Aspersion,Eleve,Moyen,Eleve,Cereales
P0569,6.93,76.6,38.8,65.8,480.6,30.6,36.5,Argileux,Nord,Aspersion,Moyen,Excellent,Bas,Cultures_industrielles
P0171,6.9,31.7,56.5,29.5,428.8,17.6,52.6,Limoneux,Ouest,Pluvial,Moyen,Excellent,Moyen,Legumineuses
P0180,6.39,40.9,46.5,39.6,594.0,22.4,53.6,Sablo-limoneux,Nord,Pluvial,Moyen,Bon,Bas,Legumineuses
P0368,6.04,190.0,119.1,98.4,861.8,16.0,74.1,Limoneux,Nord,Aspersion,Moyen,Excellent,Eleve,Maraichage
P0432,6.36,113.7,88.2,109.3,767.6,23.3,57.8,Argilo-limoneux,Nord,Aspersion,Eleve,Moyen,Eleve,Maraichage
P0147,6.21,133.0,64.4,66.0,716.8,22.5,65.2,Argilo-limoneux,Centre,Pluvial,Moyen,Bon,Bas,Cereales
P0284,6.24,41.8,44.2,62.1,604.6,27.0,46.0,Limoneux,Centre,Goutte-a-goutte,Eleve,Moyen,Moyen,Legumineuses
P0385,5.79,134.3,125.2,122.6,910.5,16.0,69.6,Argileux,Ouest,Goutte-a-goutte,Moyen,Excellent,Moyen,Maraichage
P0480,5.96,107.3,31.2,87.2,528.7,30.8,36.2,Sableux,Centre,Gravitaire,Eleve,Bon,Moyen,Cultures_industrielles
P0142,7.22,105.1,59.6,62.8,584.8,24.5,56.3,Limoneux,Est,Pluvial,Moyen,Moyen,Moyen,Cereales
P0434,6.75,136.3,61.5,99.4,791.9,29.2,59.5,Argileux,Sud,Aspersion,Eleve,Moyen,Moyen,Maraichage
P0483,6.97,80.1,58.4,79.2,619.1,26.3,33.0,Sableux,Sud,Pluvial,Eleve,Moyen,Moyen,Cultures_industrielles
P0141,6.79,110.8,64.6,71.1,534.3,25.5,73.5,Limoneux,Centre,Goutte-a-goutte,Faible,Mauvais,Bas,Cereales
P0056,7.07,96.2,48.0,62.7,705.3,22.1,68.9,Argileux,Centre,Aspersion,Faible,Excellent,Moyen,Cereales
P0110,6.67,130.5,66.2,63.7,852.7,24.9,55.7,Limoneux,Nord,Pluvial,Moyen,Bon,Moyen,Cereales
P0337,6.44,156.7,104.1,104.1,925.0,24.3,63.6,Limoneux,Ouest,Goutte-a-goutte,Eleve,Bon,Moyen,Maraichage
P0330,6.69,130.7,102.1,97.8,1050.0,27.7,59.3,Limoneux,Est,Goutte-a-goutte,Eleve,Bon,Eleve,Maraichage
P0221,6.69,32.6,29.5,39.6,726.9,16.0,58.5,Argilo-limoneux,Ouest,Aspersion,Faible,Excellent,Eleve,Legumineuses
P0218,6.06,60.7,52.7,60.3,576.7,20.0,38.6,Sablo-limoneux,Ouest,Goutte-a-goutte,Eleve,Excellent,Moyen,Legumineuses
P0566,6.51,90.2,50.2,98.9,360.1,24.7,34.0,Sableux,Sud,Gravitaire,Moyen,Moyen,Eleve,Cultures_industrielles
P0436,6.39,115.7,78.6,122.6,832.5,18.0,45.0,Argileux,Est,Aspersion,Eleve,Excellent,Eleve,Maraichage
P0347,5.93,125.2,96.0,131.7,754.6,25.3,78.0,Limoneux,Nord,Aspersion,Moyen,Excellent,Eleve,Maraichage
P0155,6.22,40.4,67.4,60.7,661.4,24.8,62.8,Sablo-limoneux,Centre,Pluvial,Eleve,Excellent,Moyen,Legumineuses
P0415,6.04,125.1,88.6,122.2,898.0,20.9,58.8,Limoneux,Ouest,Goutte-a-goutte,Moyen,Moyen,Eleve,Maraichage
P0047,6.52,97.3,42.6,54.4,457.3,22.9,47.8,Limoneux,Ouest,Pluvial,Moyen,Moyen,Eleve,Cereales
P0395,6.34,146.9,110.2,109.2,741.4,23.8,64.8,Limoneux,Ouest,Goutte-a-goutte,Eleve,Moyen,Eleve,Maraichage
P0507,7.24,72.7,34.7,45.2,804.7,34.9,60.7,Argileux,Ouest,Aspersion,Eleve,Moyen,Moyen,Cultures_industrielles
P0491,7.68,72.3,67.6,103.0,513.9,24.5,22.7,Sableux,Ouest,Aspersion,Moyen,Moyen,Bas,Cultures_industrielles
P0579,7.38,85.7,50.0,87.5,568.5,30.9,39.3,Argileux,Ouest,Gravitaire,Eleve,Bon,Bas,Cultures_industrielles
P0249,6.34,40.7,48.0,52.1,626.8,24.0,68.0,Sablo-limoneux,Est,Pluvial,Moyen,Moyen,Bas,Legumineuses
P0083,7.29,115.9,34.5,69.0,652.8,20.0,52.3,Argilo-limoneux,Sud,Pluvial,Eleve,Moyen,Eleve,Cereales
P0356,6.54,132.3,114.4,99.0,785.6,25.8,55.0,Limoneux,Ouest,Goutte-a-goutte,Faible,Bon,Eleve,Maraichage
P0024,6.13,121.8,85.1,90.5,821.1,25.9,54.4,Limoneux,Centre,Pluvial,Eleve,Bon,Moyen,Cereales
P0305,5.93,131.4,78.6,91.9,722.2,21.8,65.3,Limoneux,Nord,Pluvial,Moyen,Bon,Eleve,Maraichage
P0272,6.52,49.7,51.9,65.0,557.7,20.9,47.0,Sablo-limoneux,Ouest,Goutte-a-goutte,Moyen,Excellent,Bas,Legumineuses
P0160,6.89,55.1,56.1,50.8,627.0,22.9,43.6,Argilo-limoneux,Centre,Pluvial,Eleve,Excellent,Moyen,Legumineuses
P0039,6.17,98.1,65.0,95.3,583.9,22.8,62.0,Limoneux,Est,Aspersion,Eleve,Bon,Bas,Cereales
P0286,6.39,42.3,39.3,62.2,680.4,22.2,63.3,Sablo-limoneux,Centre,Pluvial,Moyen,Bon,Eleve,Legumineuses
P0293,6.1,31.0,44.1,42.0,575.6,21.8,60.0,Sablo-limoneux,Nord,Goutte-a-goutte,Moyen,Excellent,Bas,Legumineuses
P0380,6.86,135.1,121.7,122.6,725.4,21.9,51.8,Argilo-limoneux,Est,Aspersion,Moyen,Excellent,Eleve,Maraichage
P0011,6.51,95.5,57.4,99.5,758.9,21.3,57.5,Limoneux,Sud,Aspersion,Eleve,Bon,Moyen,Cereales
P0243,6.6,45.1,45.2,59.3,399.1,17.7,57.0,Sablo-limoneux,Est,Pluvial,Eleve,Bon,Eleve,Legumineuses
P0474,6.33,85.2,44.0,45.0,280.0,31.6,35.9,Argileux,Centre,Pluvial,Eleve,Moyen,Bas,Cultures_industrielles
P0448,6.49,110.0,79.6,122.8,728.7,23.3,67.6,Argilo-limoneux,Est,Goutte-a-goutte,Eleve,Bon,Eleve,Maraichage
P0033,6.69,93.6,60.9,45.9,685.8,24.1,48.4,Limoneux,Ouest,Aspersion,Faible,Bon,Eleve,Cereales
P0023,6.73,113.5,50.2,47.3,869.4,24.9,61.1,Argilo-limoneux,Centre,Pluvial,Eleve,Bon,Moyen,Cereales
P0509,5.92,65.8,52.0,68.8,431.4,28.6,41.0,Sableux,Est,Pluvial,Eleve,Bon,Eleve,Cultures_industrielles
P0428,6.38,150.1,127.6,133.7,770.2,25.2,65.7,Limoneux,Ouest,Goutte-a-goutte,Eleve,Excellent,Bas,Maraichage
P0026,6.74,131.5,45.4,66.3,654.0,18.3,47.8,Limoneux,Ouest,Aspersion,Eleve,Moyen,Moyen,Cereales
P0420,6.75,138.9,63.5,130.7,910.0,28.5,80.0,Limoneux,Nord,Aspersion,Moyen,Excellent,Moyen,Maraichage
P0167,6.01,27.4,36.7,25.0,584.9,19.2,72.0,Limoneux,Nord,Goutte-a-goutte,Eleve,Excellent,Bas,Legumineuses
P0531,7.46,105.4,41.7,74.3,572.8,24.4,42.4,Argileux,Sud,Pluvial,Eleve,Bon,Bas,Cultures_industrielles
P0250,5.88,35.9,62.5,37.3,515.0,16.6,66.3,Limoneux,Nord,Pluvial,Moyen,Moyen,Moyen,Legumineuses
P0454,7.29,81.6,35.5,100.9,577.6,27.3,51.0,Limoneux,Sud,Aspersion,Eleve,Moyen,Moyen,Cultures_industrielles
P0143,6.06,103.2,35.2,77.2,643.8,26.2,68.6,Argilo-limoneux,Ouest,Pluvial,Moyen,Bon,Bas,Cereales
P0271,5.7,46.7,48.0,55.8,683.9,23.1,44.2,Sablo-limoneux,Ouest,Pluvial,Eleve,Moyen,Moyen,Legumineuses
P0090,6.91,132.0,53.1,61.3,740.0,22.4,60.2,Argilo-limoneux,Nord,Pluvial,Eleve,Moyen,Bas,Cereales
P0066,7.24,130.2,55.2,81.3,709.6,18.5,71.5,Argileux,Centre,Aspersion,Eleve,Mauvais,Moyen,Cereales
P0446,6.14,156.6,109.5,124.4,791.4,19.0,59.1,Limoneux,Nord,Goutte-a-goutte,Moyen,Excellent,Eleve,Maraichage
P0450,5.78,162.4,115.1,134.9,758.1,28.4,45.0,Limoneux,Centre,Aspersion,Moyen,Excellent,Moyen,Maraichage
P0156,6.68,24.1,40.9,25.0,445.5,18.6,57.8,Limoneux,Centre,Pluvial,Moyen,Bon,Bas,Legumineuses
P0383,6.03,146.2,62.9,76.9,554.3,28.6,66.7,Argilo-limoneux,Est,Goutte-a-goutte,Moyen,Excellent,Eleve,Maraichage
P0452,5.75,115.2,55.7,72.4,540.7,22.2,43.3,Limoneux,Sud,Aspersion,Eleve,Bon,Moyen,Cultures_industrielles
P0230,6.09,51.7,44.6,66.8,612.8,19.7,48.3,Sablo-limoneux,Centre,Pluvial,Moyen,Bon,Moyen,Legumineuses
P0593,6.68,92.1,25.0,85.4,445.6,36.0,41.4,Argileux,Sud,Pluvial,Eleve,Excellent,Moyen,Cultures_industrielles
P0358,6.19,148.9,94.0,125.2,739.3,23.6,69.5,Limoneux,Centre,Aspersion,Eleve,Bon,Eleve,Maraichage
P0041,7.0,106.1,50.1,69.9,669.8,24.3,49.8,Argilo-limoneux,Nord,Aspersion,Moyen,Bon,Moyen,Cereales
P0417,6.97,126.4,91.4,119.5,624.4,21.6,60.8,Argileux,Centre,Aspersion,Moyen,Excellent,Moyen,Maraichage
P0193,7.2,48.9,54.1,57.9,725.4,20.9,52.6,Limoneux,Ouest,Pluvial,Moyen,Bon,Moyen,Legumineuses
P0246,6.95,30.9,50.2,46.5,682.3,25.5,52.5,Limoneux,Centre,Goutte-a-goutte,Eleve,Bon,Moyen,Legumineuses
P0259,6.07,55.6,55.4,57.7,550.2,16.2,51.8,Limoneux,Ouest,Aspersion,Eleve,Bon,Moyen,Legumineuses
P0584,7.59,112.2,54.5,123.6,550.2,33.6,33.5,Argileux,Nord,Gravitaire,Faible,Bon,Bas,Cultures_industrielles
P0430,6.62,149.8,88.2,105.7,968.2,23.1,61.0,Limoneux,Sud,Pluvial,Moyen,Bon,Eleve,Maraichage
P0057,6.36,125.3,59.8,61.1,701.3,23.7,62.7,Limoneux,Nord,Pluvial,Moyen,Excellent,Eleve,Cereales
P0233,6.87,53.2,66.3,45.7,693.6,17.3,56.3,Limoneux,Sud,Pluvial,Moyen,Bon,Eleve,Legumineuses
P0072,7.32,77.7,66.0,78.2,513.4,27.2,54.6,Limoneux,Nord,Goutte-a-goutte,Eleve,Bon,Bas,Cereales
P0387,6.46,121.5,103.1,110.5,622.1,31.3,70.2,Argileux,Ouest,Goutte-a-goutte,Faible,Bon,Moyen,Maraichage
P0240,6.02,39.1,59.5,28.4,545.1,18.8,55.0,Sablo-limoneux,Sud,Goutte-a-goutte,Moyen,Bon,Moyen,Legumineuses
P0091,6.74,99.1,49.2,82.5,667.5,22.9,61.7,Limoneux,Nord,Aspersion,Moyen,Excellent,Moyen,Cereales
P0290,5.7,47.7,35.1,44.4,524.2,23.9,62.9,Argilo-limoneux,Centre,Goutte-a-goutte,Moyen,Moyen,Moyen,Legumineuses
P0055,7.11,87.4,59.8,60.2,931.6,21.7,59.3,Limoneux,Ouest,Pluvial,Moyen,Mauvais,Moyen,Cereales
P0329,5.78,122.8,93.4,125.9,714.3,22.1,68.4,Argilo-limoneux,Sud,Goutte-a-goutte,Moyen,Excellent,Moyen,Maraichage
P0281,5.78,45.8,29.9,55.0,505.7,19.8,67.1,Sablo-limoneux,Nord,Pluvial,Faible,Bon,Moyen,Legumineuses
P0201,6.23,55.4,47.3,51.1,562.8,19.2,50.8,Limoneux,Ouest,Goutte-a-goutte,Moyen,Moyen,Moyen,Legumineuses
P0067,6.67,99.5,62.7,77.5,677.1,23.8,54.6,Limoneux,Nord,Pluvial,Moyen,Moyen,Moyen,Cereales
P0472,6.36,101.6,38.1,85.9,439.8,26.1,42.0,Sableux,Centre,Aspersion,Moyen,Bon,Moyen,Cultures_industrielles
P0189,7.2,70.0,46.8,60.6,673.7,19.7,66.1,Sablo-limoneux,Ouest,Pluvial,Moyen,Moyen,Bas,Legumineuses
P0441,6.33,141.9,97.2,114.7,686.2,23.8,64.9,Limoneux,Sud,Goutte-a-goutte,Eleve,Excellent,Moyen,Maraichage
P0222,5.98,42.3,52.9,57.7,598.6,19.7,56.1,Limoneux,Ouest,Pluvial,Moyen,Moyen,Moyen,Legumineuses
P0121,7.02,143.8,84.7,70.3,727.7,22.5,64.2,Limoneux,Centre,Pluvial,Eleve,Bon,Moyen,Cereales
P0320,6.41,177.3,113.4,97.1,544.9,22.8,69.3,Limoneux,Est,Goutte-a-goutte,Moyen,Excellent,Moyen,Maraichage
P0550,6.57,120.9,52.2,74.3,549.0,29.0,33.8,Limoneux,Nord,Gravitaire,Eleve,Bon,Eleve,Cultures_industrielles
P0319,6.13,113.1,101.2,93.3,629.3,20.1,63.4,Limoneux,Nord,Aspersion,Moyen,Excellent,Eleve,Maraichage
P0456,6.79,117.9,25.0,87.4,388.2,32.9,23.3,Argileux,Centre,Pluvial,Eleve,Excellent,Moyen,Cultures_industrielles
P0498,8.2,94.8,63.8,47.4,570.8,28.2,43.2,Argileux,Centre,Pluvial,Eleve,Moyen,Moyen,Cultures_industrielles
P0519,6.51,92.9,59.4,70.6,617.1,26.3,44.9,Limoneux,Ouest,Gravitaire,Eleve,Moyen,Moyen,Cultures_industrielles
P0408,6.39,133.7,77.8,111.0,764.1,18.0,67.2,Limoneux,Centre,Aspersion,Eleve,Bon,Moyen,Maraichage
P0119,7.16,106.2,74.2,41.9,667.3,25.0,57.4,Argilo-limoneux,Nord,Pluvial,Moyen,Moyen,Moyen,Cereales
P0120,7.0,117.6,60.8,64.7,694.9,29.0,63.4,Limoneux,Est,Aspersion,Moyen,Bon,Eleve,Cereales
P0304,6.81,127.5,73.0,101.5,929.7,21.1,60.1,Limoneux,Centre,Pluvial,Moyen,Moyen,Eleve,Maraichage
P0518,6.73,114.6,25.0,83.0,563.3,30.5,38.8,Argileux,Centre,Aspersion,Eleve,Moyen,Moyen,Cultures_industrielles
P0301,5.98,139.7,121.5,124.2,500.0,29.1,61.3,Limoneux,Sud,Goutte-a-goutte,Moyen,Excellent,Eleve,Maraichage
P0139,7.03,120.6,39.6,82.5,849.9,24.8,61.8,Limoneux,Est,Goutte-a-goutte,Faible,Bon,Moyen,Cereales
P0146,7.01,101.1,68.0,62.3,634.7,24.9,67.1,Argilo-limoneux,Nord,Aspersion,Eleve,Excellent,Eleve,Cereales
P0149,6.91,131.3,53.8,63.3,645.0,26.6,71.8,Argileux,Est,Goutte-a-goutte,Moyen,Bon,Eleve,Cereales
P0561,6.65,117.5,51.8,64.4,425.5,25.8,40.6,Argileux,Est,Pluvial,Eleve,Moyen,Moyen,Cultures_industrielles
P0447,5.74,134.8,71.6,112.3,742.5,29.8,67.3,Limoneux,Centre,Goutte-a-goutte,Moyen,Excellent,Eleve,Maraichage
P0163,6.38,33.7,42.1,60.6,592.6,24.7,49.6,Sablo-limoneux,Ouest,Goutte-a-goutte,Moyen,Bon,Eleve,Legumineuses
P0412,6.09,158.8,85.5,101.1,734.9,32.0,68.8,Limoneux,Ouest,Goutte-a-goutte,Eleve,Excellent,Eleve,Maraichage
P0492,6.62,94.6,47.2,95.8,382.5,26.7,36.3,Argileux,Sud,Gravitaire,Eleve,Bon,Moyen,Cultures_industrielles
P0468,7.33,80.9,40.5,114.8,850.0,32.1,32.7,Argileux,Est,Gravitaire,Eleve,Bon,Moyen,Cultures_industrielles
P0151,6.28,34.8,39.2,53.7,421.2,24.8,53.5,Sablo-limoneux,Ouest,Goutte-a-goutte,Moyen,Moyen,Moyen,Legumineuses
P0504,6.43,80.7,26.0,109.8,504.8,25.3,31.3,Sableux,Nord,Gravitaire,Moyen,Moyen,Moyen,Cultures_industrielles
P0361,6.67,121.5,84.3,117.8,845.4,25.0,63.7,Argileux,Ouest,Goutte-a-goutte,Eleve,Moyen,Eleve,Maraichage
P0528,6.42,85.9,43.2,108.8,577.5,29.2,45.0,Sableux,Sud,Gravitaire,Moyen,Moyen,Eleve,Cultures_industrielles
P0032,7.44,97.9,49.2,55.7,837.7,19.0,75.0,Argilo-limoneux,Centre,Aspersion,Moyen,Bon,Moyen,Cereales
P0331,5.98,105.8,99.7,126.3,704.3,21.8,73.8,Limoneux,Ouest,Goutte-a-goutte,Eleve,Excellent,Eleve,Maraichage
P0274,6.86,21.5,51.0,85.0,599.2,22.0,57.3,Limoneux,Ouest,Pluvial,Moyen,Moyen,Moyen,Legumineuses
P0021,7.29,97.2,61.2,65.9,628.9,25.1,68.6,Argilo-limoneux,Centre,Pluvial,Moyen,Moyen,Moyen,Cereales
P0114,7.6,94.5,75.3,65.1,735.9,28.4,54.5,Argilo-limoneux,Nord,Pluvial,Eleve,Bon,Moyen,Cereales
P0589,5.86,82.0,39.3,76.5,603.1,25.9,35.1,Argileux,Nord,Gravitaire,Eleve,Bon,Moyen,Cultures_industrielles
P0001,6.9,120.0,50.1,69.1,768.1,20.2,62.9,Argilo-limoneux,Sud,Pluvial,Eleve,Bon,Bas,Cereales
P0396,5.83,149.5,73.1,123.3,837.0,22.2,59.9,Argileux,Sud,Pluvial,Eleve,Bon,Moyen,Maraichage
P0314,5.76,169.3,90.3,117.4,774.2,25.4,67.7,Limoneux,Sud,Aspersion,Moyen,Bon,Eleve,Maraichage
P0557,6.55,88.4,59.4,85.6,704.0,27.1,53.2,Argileux,Est,Pluvial,Eleve,Moyen,Bas,Cultures_industrielles
P0214,6.67,55.7,63.4,47.8,548.8,27.0,54.5,Limoneux,Nord,Goutte-a-goutte,Eleve,Bon,Bas,Legumineuses
P0486,7.41,93.9,50.1,69.1,400.0,24.5,42.2,Sableux,Est,Gravitaire,Eleve,Bon,Moyen,Cultures_industrielles
P0521,6.43,115.2,49.9,106.9,422.1,32.0,48.1,Argileux,Ouest,Aspersion,Eleve,Excellent,Eleve,Cultures_industrielles
P0003,6.96,101.4,69.0,55.2,778.3,20.1,60.2,Argilo-limoneux,Est,Aspersion,Moyen,Bon,Moyen,Cereales
P0573,6.02,68.1,25.0,69.5,639.3,26.8,47.2,Sableux,Ouest,Pluvial,Eleve,Moyen,Bas,Cultures_industrielles
P0059,6.83,125.3,63.9,70.7,717.8,26.8,64.6,Limoneux,Sud,Aspersion,Faible,Mauvais,Moyen,Cereales
P0544,6.34,95.1,33.1,69.9,658.0,28.8,39.3,Sableux,Ouest,Aspersion,Eleve,Moyen,Moyen,Cultures_industrielles
P0372,5.65,159.8,81.9,130.9,869.6,20.8,56.2,Argileux,Sud,Goutte-a-goutte,Moyen,Excellent,Eleve,Maraichage
P0005,6.61,120.9,59.7,62.0,737.2,20.2,61.5,Limoneux,Est,Pluvial,Moyen,Bon,Eleve,Cereales
P0257,5.91,48.1,44.0,47.5,584.5,18.5,58.9,Argilo-limoneux,Centre,Aspersion,Moyen,Excellent,Bas,Legumineuses
P0324,5.8,137.5,93.8,97.1,797.3,25.5,73.4,Argilo-limoneux,Sud,Goutte-a-goutte,Eleve,Excellent,Moyen,Maraichage
P0075,5.8,105.6,85.8,58.6,573.3,21.7,56.4,Limoneux,Nord,Goutte-a-goutte,Moyen,Bon,Moyen,Cereales
P0192,5.89,63.2,42.2,63.2,369.4,21.2,72.0,Limoneux,Est,Goutte-a-goutte,Moyen,Bon,Bas,Legumineuses
P0547,6.81,92.7,71.0,55.2,477.3,27.0,55.8,Sableux,Nord,Aspersion,Eleve,Moyen,Moyen,Cultures_industrielles
P0598,7.72,49.7,25.0,109.9,431.1,35.3,36.6,Sableux,Ouest,Pluvial,Eleve,Excellent,Moyen,Cultures_industrielles
P0325,5.99,136.7,99.7,126.6,785.3,28.4,62.3,Argilo-limoneux,Nord,Goutte-a-goutte,Faible,Excellent,Moyen,Maraichage
P0081,6.61,100.4,49.9,79.6,765.0,19.0,66.3,Argileux,Nord,Aspersion,Faible,Bon,Moyen,Cereales
P0341,5.98,138.1,118.9,104.1,882.5,28.8,55.4,Limoneux,Sud,Aspersion,Eleve,Bon,Eleve,Maraichage
P0027,6.24,115.3,73.9,78.6,610.9,20.8,55.5,Limoneux,Est,Aspersion,Moyen,Bon,Eleve,Cereales
P0386,5.84,131.7,87.7,150.0,634.4,20.3,73.2,Limoneux,Nord,Goutte-a-goutte,Moyen,Excellent,Bas,Maraichage
P0217,6.77,42.5,48.6,79.1,573.5,19.0,39.1,Sablo-limoneux,Sud,Pluvial,Eleve,Moyen,Moyen,Legumineuses
P0381,5.56,118.5,87.4,106.2,703.5,23.3,73.7,Argileux,Sud,Goutte-a-goutte,Eleve,Bon,Eleve,Maraichage
P0479,8.03,109.3,60.6,69.8,523.4,22.5,49.5,Sableux,Sud,Gravitaire,Moyen,Moyen,Eleve,Cultures_industrielles
P0058,6.58,125.3,56.5,57.0,697.8,21.6,63.7,Argilo-limoneux,Centre,Goutte-a-goutte,Moyen,Bon,Moyen,Cereales
P0465,6.56,90.6,64.0,45.0,850.0,30.3,50.1,Limoneux,Nord,Pluvial,Eleve,Moyen,Bas,Cultures_industrielles
P0109,6.8,123.9,61.4,75.9,512.6,21.3,68.4,Argileux,Ouest,Aspersion,Moyen,Moyen,Eleve,Cereales
P0410,5.9,102.2,85.4,89.6,545.1,22.8,69.4,Limoneux,Est,Aspersion,Eleve,Bon,Eleve,Maraichage
P0148,6.17,121.1,48.7,55.3,632.0,23.4,47.4,Argilo-limoneux,Nord,Pluvial,Eleve,Bon,Moyen,Cereales
P0229,5.81,28.5,37.9,57.1,527.8,17.7,56.6,Limoneux,Sud,Pluvial,Moyen,Bon,Eleve,Legumineuses
P0015,6.01,134.3,75.7,68.3,920.1,26.4,59.2,Limoneux,Ouest,Goutte-a-goutte,Eleve,Bon,Eleve,Cereales
P0175,6.27,60.0,48.7,63.5,585.2,20.8,55.3,Argilo-limoneux,Centre,Pluvial,Faible,Bon,Moyen,Legumineuses
P0241,6.47,51.8,33.6,51.6,507.3,18.8,46.9,Limoneux,Ouest,Pluvial,Faible,Bon,Moyen,Legumineuses
P0115,6.62,109.9,64.0,88.0,696.6,21.2,73.9,Argilo-limoneux,Sud,Pluvial,Eleve,Bon,Moyen,Cereales
P0166,7.0,50.3,58.4,57.4,525.9,25.5,59.7,Argilo-limoneux,Sud,Pluvial,Moyen,Bon,Eleve,Legumineuses
P0520,7.4,132.6,85.0,86.6,662.8,30.9,34.4,Sableux,Centre,Pluvial,Eleve,Moyen,Eleve,Cultures_industrielles
P0506,7.29,57.9,79.4,68.5,537.8,29.1,39.8,Argileux,Centre,Gravitaire,Eleve,Bon,Moyen,Cultures_industrielles
P0060,7.09,170.0,50.1,57.5,687.0,20.3,63.6,Limoneux,Ouest,Pluvial,Moyen,Moyen,Eleve,Cereales
P0514,7.71,87.3,41.8,87.2,564.3,27.7,45.6,Limoneux,Nord,Aspersion,Moyen,Moyen,Bas,Cultures_industrielles
P0087,7.07,74.5,64.1,57.1,678.4,27.7,72.0,Limoneux,Nord,Pluvial,Moyen,Moyen,Eleve,Cereales
P0165,6.46,48.5,25.0,49.9,547.5,23.4,61.0,Sablo-limoneux,Centre,Pluvial,Moyen,Moyen,Moyen,Legumineuses
P0099,6.7,150.3,58.6,75.6,783.2,21.1,55.4,Limoneux,Nord,Pluvial,Moyen,Bon,Moyen,Cereales
P0502,7.88,112.8,49.6,106.6,630.2,26.5,43.6,Limoneux,Sud,Gravitaire,Eleve,Bon,Eleve,Cultures_industrielles
P0169,6.05,37.7,48.9,41.2,429.6,17.3,46.4,Argilo-limoneux,Est,Aspersion,Moyen,Moyen,Bas,Legumineuses
P0295,6.02,40.9,49.1,35.3,504.1,21.0,56.4,Argilo-limoneux,Est,Pluvial,Moyen,Bon,Moyen,Legumineuses
P0042,6.77,132.1,62.9,92.2,850.2,23.6,67.0,Limoneux,Est,Aspersion,Moyen,Bon,Eleve,Cereales
P0365,5.87,122.5,76.0,91.3,712.4,19.4,70.7,Limoneux,Nord,Goutte-a-goutte,Moyen,Excellent,Moyen,Maraichage
P0466,6.0,75.8,43.6,76.3,568.0,27.7,29.6,Sableux,Sud,Pluvial,Moyen,Moyen,Bas,Cultures_industrielles
P0322,5.71,155.5,127.8,127.1,591.7,17.7,69.2,Argilo-limoneux,Ouest,Goutte-a-goutte,Moyen,Moyen,Moyen,Maraichage
P0174,6.79,49.1,43.4,27.0,553.3,17.6,63.9,Limoneux,Centre,Pluvial,Moyen,Bon,Bas,Legumineuses
P0245,5.7,20.9,56.2,25.0,514.6,15.0,53.0,Argilo-limoneux,Nord,Pluvial,Moyen,Bon,Moyen,Legumineuses
P0080,5.9,128.6,50.3,56.4,814.4,22.2,66.1,Limoneux,Ouest,Pluvial,Moyen,Mauvais,Moyen,Cereales
P0481,6.19,48.6,65.5,69.4,418.4,26.0,59.7,Sableux,Nord,Aspersion,Eleve,Moyen,Moyen,Cultures_industrielles
P0029,6.46,109.7,67.5,116.2,705.0,22.8,72.5,Limoneux,Nord,Goutte-a-goutte,Moyen,Moyen,Moyen,Cereales
P0510,6.52,70.7,48.8,122.8,549.2,31.3,53.1,Limoneux,Ouest,Gravitaire,Eleve,Bon,Moyen,Cultures_industrielles
P0508,7.24,114.6,27.8,46.9,490.5,27.4,45.3,Sableux,Ouest,Aspersion,Eleve,Excellent,Moyen,Cultures_industrielles
P0294,6.43,44.1,49.0,44.0,569.6,21.6,38.7,Argilo-limoneux,Ouest,Goutte-a-goutte,Moyen,Bon,Eleve,Legumineuses
P0404,5.97,150.6,119.2,135.2,752.5,25.9,75.2,Limoneux,Sud,Goutte-a-goutte,Eleve,Bon,Moyen,Maraichage
P0302,7.03,137.1,72.9,107.4,767.0,20.0,53.9,Limoneux,Nord,Goutte-a-goutte,Eleve,Excellent,Moyen,Maraichage
P0085,6.38,157.9,50.9,60.2,590.0,22.9,60.0,Argileux,Sud,Aspersion,Moyen,Bon,Moyen,Cereales
P0063,6.26,134.1,58.7,66.4,697.1,27.3,61.6,Limoneux,Sud,Aspersion,Moyen,Bon,Eleve,Cereales
P0596,6.37,116.5,38.8,94.0,488.2,28.3,34.7,Sableux,Centre,Aspersion,Eleve,Bon,Moyen,Cultures_industrielles
P0137,6.39,112.0,79.5,63.1,723.0,24.8,50.2,Argilo-limoneux,Sud,Aspersion,Moyen,Excellent,Moyen,Cereales
P0112,6.69,113.8,46.5,101.1,691.3,18.5,61.6,Argilo-limoneux,Sud,Goutte-a-goutte,Eleve,Excellent,Bas,Cereales
P0195,6.81,56.4,59.1,51.4,620.0,23.3,54.0,Sablo-limoneux,Centre,Pluvial,Faible,Bon,Moyen,Legumineuses
P0371,7.0,158.2,58.8,129.0,803.1,18.7,72.9,Limoneux,Centre,Goutte-a-goutte,Eleve,Bon,Eleve,Maraichage
P0044,6.58,90.1,53.9,57.1,564.7,19.2,59.2,Argilo-limoneux,Centre,Pluvial,Eleve,Bon,Bas,Cereales
P0459,7.68,92.9,60.1,50.8,515.8,27.7,48.3,Sableux,Nord,Pluvial,Faible,Bon,Eleve,Cultures_industrielles
P0130,6.5,107.3,38.9,87.2,630.0,26.6,51.8,Limoneux,Ouest,Aspersion,Moyen,Bon,Moyen,Cereales
P0535,6.95,80.1,56.9,45.0,436.8,28.0,39.5,Argileux,Sud,Pluvial,Eleve,Bon,Moyen,Cultures_industrielles
P0219,6.68,38.5,57.6,47.9,350.0,25.3,59.7,Sablo-limoneux,Ouest,Pluvial,Eleve,Bon,Eleve,Legumineuses
P0097,6.82,105.5,39.4,78.7,729.4,23.9,74.4,Limoneux,Centre,Pluvial,Moyen,Excellent,Moyen,Cereales
P0125,6.93,95.4,67.7,82.4,715.4,22.9,73.8,Limoneux,Sud,Pluvial,Eleve,Moyen,Eleve,Cereales
P0563,6.86,105.8,61.8,90.9,518.6,29.5,28.6,Sableux,Nord,Gravitaire,Eleve,Bon,Bas,Cultures_industrielles
P0597,6.03,83.7,25.0,122.1,673.1,32.2,42.8,Sableux,Ouest,Pluvial,Eleve,Bon,Moyen,Cultures_industrielles
P0178,6.07,15.0,64.6,57.9,672.8,18.5,42.8,Argilo-limoneux,Est,Pluvial,Faible,Bon,Moyen,Legumineuses
P0340,6.05,147.5,102.5,114.8,876.7,30.1,60.2,Argilo-limoneux,Est,Goutte-a-goutte,Eleve,Bon,Moyen,Maraichage
P0575,6.96,72.4,37.1,62.2,493.4,26.2,37.7,Limoneux,Est,Pluvial,Moyen,Moyen,Moyen,Cultures_industrielles
P0562,6.65,77.5,43.3,80.8,673.1,28.4,58.8,Argileux,Nord,Gravitaire,Moyen,Excellent,Bas,Cultures_industrielles
P0104,6.38,135.6,60.6,73.8,573.2,26.6,54.8,Limoneux,Est,Aspersion,Moyen,Excellent,Eleve,Cereales
P0082,6.84,119.3,52.8,45.1,598.4,20.2,63.4,Limoneux,Ouest,Pluvial,Moyen,Bon,Eleve,Cereales
P0334,5.64,135.4,95.7,119.4,724.9,22.3,78.8,Limoneux,Ouest,Goutte-a-goutte,Eleve,Moyen,Eleve,Maraichage
P0344,6.13,142.4,101.1,106.7,702.0,28.2,65.5,Limoneux,Sud,Aspersion,Moyen,Bon,Bas,Maraichage
P0265,6.89,30.8,31.9,47.8,477.8,17.8,57.7,Limoneux,Centre,Goutte-a-goutte,Eleve,Bon,Eleve,Legumineuses
P0402,6.1,162.1,91.0,116.2,789.2,21.4,72.4,Argileux,Nord,Goutte-a-goutte,Eleve,Excellent,Eleve,Maraichage
P0228,6.44,29.5,51.4,71.8,528.2,14.0,52.6,Sablo-limoneux,Nord,Aspersion,Moyen,Excellent,Moyen,Legumineuses
P0276,6.44,51.2,48.1,72.1,528.5,24.8,52.8,Sablo-limoneux,Ouest,Pluvial,Faible,Moyen,Moyen,Legumineuses
P0376,6.36,118.1,97.7,104.8,763.4,26.0,66.6,Argilo-limoneux,Ouest,Pluvial,Eleve,Bon,Eleve,Maraichage
P0264,6.28,61.6,49.1,25.0,431.8,20.8,48.8,Limoneux,Nord,Pluvial,Eleve,Bon,Bas,Legumineuses
P0533,7.09,63.3,79.4,102.4,433.8,33.1,26.8,Sableux,Ouest,Pluvial,Eleve,Bon,Moyen,Cultures_industrielles
P0254,6.34,23.4,47.0,47.8,589.2,16.7,45.0,Limoneux,Nord,Pluvial,Moyen,Excellent,Bas,Legumineuses
P0172,6.3,45.5,50.7,44.9,583.7,17.3,63.8,Limoneux,Est,Goutte-a-goutte,Faible,Bon,Moyen,Legumineuses
P0238,6.4,47.5,51.3,51.7,630.3,19.4,68.1,Argilo-limoneux,Centre,Goutte-a-goutte,Moyen,Bon,Moyen,Legumineuses
P0382,6.79,157.1,83.8,141.4,732.3,28.3,59.4,Limoneux,Est,Aspersion,Eleve,Bon,Moyen,Maraichage
P0140,6.21,102.5,59.3,57.2,791.3,26.3,68.4,Limoneux,Est,Pluvial,Moyen,Bon,Bas,Cereales
P0268,6.04,19.1,29.4,51.7,459.4,24.5,45.3,Limoneux,Nord,Goutte-a-goutte,Eleve,Moyen,Moyen,Legumineuses
P0591,6.24,72.0,51.5,101.4,361.9,27.5,44.4,Limoneux,Ouest,Pluvial,Moyen,Moyen,Moyen,Cultures_industrielles
P0360,6.53,151.9,94.5,131.2,525.9,22.6,56.5,Argileux,Nord,Goutte-a-goutte,Moyen,Moyen,Moyen,Maraichage
P0213,6.52,57.1,62.7,54.4,703.0,23.1,60.1,Sablo-limoneux,Centre,Aspersion,Faible,Moyen,Bas,Legumineuses
P0199,5.7,65.3,40.6,59.0,420.0,17.3,62.5,Sablo-limoneux,Nord,Pluvial,Faible,Bon,Eleve,Legumineuses
P0384,6.51,143.7,89.9,90.6,710.3,32.0,60.6,Limoneux,Centre,Goutte-a-goutte,Moyen,Bon,Moyen,Maraichage
P0016,6.48,123.3,60.3,66.7,711.6,20.9,62.2,Argilo-limoneux,Est,Aspersion,Eleve,Bon,Moyen,Cereales
P0164,5.87,46.8,48.3,47.4,670.2,18.3,57.2,Sablo-limoneux,Sud,Pluvial,Moyen,Moyen,Moyen,Legumineuses
P0424,5.63,142.9,99.9,123.2,672.2,23.2,47.2,Limoneux,Sud,Aspersion,Eleve,Excellent,Eleve,Maraichage
P0391,6.27,176.6,91.9,140.8,736.4,24.7,70.2,Limoneux,Sud,Aspersion,Eleve,Excellent,Eleve,Maraichage
P0499,7.24,75.9,25.0,58.4,757.4,28.6,58.1,Limoneux,Nord,Gravitaire,Eleve,Mauvais,Moyen,Cultures_industrielles
P0038,5.92,113.5,56.1,53.8,706.6,24.4,65.7,Limoneux,Est,Aspersion,Eleve,Moyen,Eleve,Cereales
P0505,6.28,80.1,39.0,108.3,565.7,25.0,33.1,Sableux,Est,Gravitaire,Faible,Moyen,Bas,Cultures_industrielles
P0207,6.47,30.6,26.1,42.2,615.0,19.3,61.0,Limoneux,Centre,Goutte-a-goutte,Eleve,Bon,Moyen,Legumineuses
P0296,6.52,33.3,50.3,44.8,363.3,19.9,46.7,Sablo-limoneux,Sud,Pluvial,Eleve,Bon,Moyen,Legumineuses
P0427,6.39,160.0,92.5,95.5,820.7,32.0,58.2,Limoneux,Sud,Goutte-a-goutte,Moyen,Excellent,Eleve,Maraichage
P0074,7.33,82.7,71.5,78.6,666.6,21.9,54.8,Argilo-limoneux,Ouest,Pluvial,Moyen,Bon,Eleve,Cereales
P0379,6.44,142.8,120.1,114.5,747.8,21.5,72.9,Argilo-limoneux,Centre,Aspersion,Faible,Bon,Moyen,Maraichage
P0105,6.64,84.6,54.6,75.1,559.9,27.3,65.6,Argileux,Centre,Pluvial,Moyen,Moyen,Eleve,Cereales
P0327,5.96,180.7,124.0,101.1,595.7,31.8,75.3,Limoneux,Ouest,Aspersion,Moyen,Excellent,Eleve,Maraichage
P0017,6.29,131.4,68.2,79.2,709.8,22.9,64.9,Limoneux,Sud,Aspersion,Eleve,Moyen,Moyen,Cereales
P0092,7.09,112.7,65.9,53.1,804.3,25.0,43.7,Argileux,Centre,Pluvial,Moyen,Bon,Moyen,Cereales
P0089,6.49,101.8,71.4,85.1,764.0,26.0,58.2,Argileux,Ouest,Pluvial,Faible,Bon,Moyen,Cereales
P0437,6.06,107.4,124.3,90.3,803.7,22.8,63.2,Limoneux,Ouest,Goutte-a-goutte,Eleve,Moyen,Moyen,Maraichage
P0206,6.87,51.6,40.3,62.4,556.0,23.2,49.0,Limoneux,Sud,Goutte-a-goutte,Moyen,Excellent,Eleve,Legumineuses
P0103,6.56,157.4,60.1,87.5,636.6,21.1,60.5,Argileux,Sud,Aspersion,Moyen,Excellent,Moyen,Cereales
P0239,6.56,26.0,52.7,34.5,385.5,23.3,58.5,Sablo-limoneux,Ouest,Pluvial,Moyen,Bon,Moyen,Legumineuses
P0549,7.15,66.7,39.0,96.5,623.4,26.0,42.3,Limoneux,Nord,Gravitaire,Eleve,Bon,Moyen,Cultures_industrielles
P0247,6.33,34.4,43.5,51.7,603.8,23.6,60.5,Argilo-limoneux,Ouest,Aspersion,Moyen,Bon,Moyen,Legumineuses
P0158,6.23,49.0,44.7,55.6,546.4,23.4,66.4,Limoneux,Centre,Aspersion,Eleve,Bon,Moyen,Legumineuses
P0134,6.89,90.2,68.6,104.1,546.8,26.1,65.2,Limoneux,Est,Goutte-a-goutte,Moyen,Bon,Moyen,Cereales
P0388,5.43,160.5,64.8,98.2,757.3,16.8,65.0,Limoneux,Sud,Goutte-a-goutte,Eleve,Moyen,Eleve,Maraichage
P0406,6.28,145.4,57.4,98.5,929.5,23.3,62.7,Argileux,Ouest,Aspersion,Eleve,Moyen,Eleve,Maraichage
P0019,6.34,110.1,63.9,62.0,743.3,21.1,56.4,Argileux,Est,Pluvial,Faible,Moyen,Moyen,Cereales
P0462,6.95,101.1,31.5,112.1,359.3,26.1,56.2,Limoneux,Centre,Gravitaire,Eleve,Moyen,Bas,Cultures_industrielles
P0478,6.07,122.2,45.5,101.8,647.7,28.8,47.1,Sableux,Centre,Aspersion,Eleve,Moyen,Eleve,Cultures_industrielles
P0343,6.53,111.7,74.0,101.2,725.3,22.6,63.1,Argileux,Ouest,Pluvial,Eleve,Excellent,Eleve,Maraichage
P0275,6.83,48.5,37.4,53.7,672.3,21.1,51.1,Sablo-limoneux,Nord,Pluvial,Eleve,Bon,Moyen,Legumineuses
P0451,7.05,95.0,54.8,76.3,547.1,25.5,55.3,Sableux,Centre,Pluvial,Eleve,Bon,Moyen,Cultures_industrielles
P0529,6.78,97.0,32.0,67.3,423.7,28.1,27.4,Sableux,Nord,Pluvial,Moyen,Moyen,Moyen,Cultures_industrielles
P0312,6.13,125.6,78.2,100.5,817.7,22.2,68.4,Limoneux,Sud,Pluvial,Eleve,Excellent,Eleve,Maraichage
P0393,5.87,161.1,79.2,139.2,707.9,22.2,69.4,Argilo-limoneux,Centre,Goutte-a-goutte,Eleve,Bon,Eleve,Maraichage
P0564,7.41,56.9,53.8,66.5,699.9,25.2,26.1,Sableux,Nord,Gravitaire,Eleve,Bon,Bas,Cultures_industrielles
P0269,6.35,31.7,44.4,45.2,547.4,16.2,51.4,Limoneux,Ouest,Goutte-a-goutte,Moyen,Moyen,Eleve,Legumineuses
P0035,7.03,110.5,71.7,58.7,608.9,24.7,63.5,Argilo-limoneux,Centre,Pluvial,Eleve,Moyen,Moyen,Cereales
P0182,5.86,63.6,41.9,32.5,454.0,18.4,61.4,Limoneux,Sud,Pluvial,Moyen,Bon,Bas,Legumineuses
P0185,6.33,42.6,35.7,28.1,513.9,26.7,68.2,Argilo-limoneux,Nord,Pluvial,Moyen,Moyen,Eleve,Legumineuses
P0208,6.75,27.0,37.7,64.6,469.5,24.9,59.8,Argilo-limoneux,Ouest,Goutte-a-goutte,Eleve,Moyen,Moyen,Legumineuses
P0095,6.54,91.0,74.2,32.9,753.4,23.5,52.0,Limoneux,Centre,Aspersion,Eleve,Bon,Bas,Cereales
P0512,5.81,88.2,50.2,87.9,575.6,29.8,37.6,Argileux,Est,Aspersion,Eleve,Mauvais,Bas,Cultures_industrielles
P0407,6.69,162.5,130.0,96.0,866.7,27.7,63.3,Argileux,Ouest,Aspersion,Eleve,Excellent,Eleve,Maraichage
P0123,7.26,138.3,57.0,74.9,578.7,18.9,59.8,Limoneux,Ouest,Aspersion,Eleve,Bon,Moyen,Cereales
P0460,6.75,103.1,33.4,80.0,578.8,34.6,54.1,Argileux,Est,Pluvial,Eleve,Mauvais,Eleve,Cultures_industrielles
P0079,6.74,100.7,86.3,73.9,784.2,21.7,47.3,Argilo-limoneux,Nord,Pluvial,Moyen,Excellent,Moyen,Cereales
P0351,5.84,163.7,77.0,123.6,889.1,27.8,73.9,Limoneux,Sud,Aspersion,Eleve,Excellent,Eleve,Maraichage
P0062,6.63,137.7,78.4,69.2,650.8,21.7,70.6,Argileux,Centre,Aspersion,Moyen,Moyen,Eleve,Cereales
P0252,6.28,54.4,41.2,61.5,528.7,17.2,48.1,Sablo-limoneux,Nord,Pluvial,Moyen,Moyen,Bas,Legumineuses
P0126,7.58,124.2,76.4,36.8,683.4,28.4,63.5,Limoneux,Ouest,Pluvial,Eleve,Excellent,Bas,Cereales
P0429,5.95,145.1,78.7,132.5,835.2,25.7,60.0,Limoneux,Ouest,Goutte-a-goutte,Eleve,Bon,Eleve,Maraichage
P0426,6.22,118.5,108.1,118.3,679.1,32.0,69.0,Argileux,Nord,Aspersion,Eleve,Moyen,Moyen,Maraichage
P0590,6.34,67.9,46.2,64.1,357.3,27.7,44.2,Argileux,Ouest,Gravitaire,Eleve,Bon,Moyen,Cultures_industrielles
P0348,6.08,137.2,55.0,100.2,922.9,24.0,75.4,Limoneux,Sud,Goutte-a-goutte,Eleve,Excellent,Eleve,Maraichage
P0473,7.44,72.7,61.3,115.6,582.2,25.6,28.8,Sableux,Est,Pluvial,Moyen,Bon,Moyen,Cultures_industrielles
P0543,7.17,96.0,34.5,77.9,403.3,24.5,41.6,Argileux,Sud,Pluvial,Eleve,Mauvais,Moyen,Cultures_industrielles
P0378,6.5,122.5,86.8,137.4,696.9,18.9,66.4,Limoneux,Sud,Goutte-a-goutte,Moyen,Excellent,Eleve,Maraichage
P0068,7.1,110.3,60.2,55.3,835.4,25.7,74.4,Argilo-limoneux,Centre,Pluvial,Faible,Mauvais,Eleve,Cereales
P0025,6.48,120.5,47.9,94.7,843.4,24.9,69.6,Argileux,Nord,Pluvial,Eleve,Moyen,Moyen,Cereales
P0443,6.37,132.6,78.5,107.6,648.9,32.0,56.5,Argilo-limoneux,Ouest,Goutte-a-goutte,Eleve,Excellent,Eleve,Maraichage
P0485,5.7,45.0,44.6,93.7,573.2,30.0,53.0,Sableux,Nord,Gravitaire,Eleve,Bon,Moyen,Cultures_industrielles
P0595,7.0,72.4,44.3,96.1,680.1,28.9,39.2,Limoneux,Nord,Gravitaire,Faible,Moyen,Bas,Cultures_industrielles
P0127,6.3,119.0,48.4,73.5,701.7,21.4,60.3,Limoneux,Centre,Pluvial,Eleve,Bon,Eleve,Cereales
P0534,7.19,73.0,47.5,65.2,618.2,35.4,30.2,Sableux,Est,Aspersion,Eleve,Bon,Bas,Cultures_industrielles
P0335,6.13,160.0,98.3,122.3,659.0,25.7,56.4,Argileux,Nord,Aspersion,Moyen,Excellent,Bas,Maraichage
P0578,7.15,92.0,51.8,68.6,517.9,29.6,56.3,Sableux,Ouest,Aspersion,Moyen,Bon,Moyen,Cultures_industrielles
P0179,6.52,31.9,36.9,55.3,718.5,21.1,49.7,Sablo-limoneux,Nord,Goutte-a-goutte,Moyen,Bon,Bas,Legumineuses
P0411,6.55,130.9,83.9,93.7,788.9,20.1,80.0,Argilo-limoneux,Ouest,Aspersion,Eleve,Bon,Eleve,Maraichage
P0567,6.51,86.1,64.7,125.2,518.5,27.6,48.3,Limoneux,Ouest,Gravitaire,Faible,Bon,Eleve,Cultures_industrielles
P0136,7.32,76.0,60.9,73.7,742.5,28.5,72.6,Argileux,Nord,Aspersion,Moyen,Moyen,Moyen,Cereales
P0224,6.78,45.8,41.0,48.0,608.5,21.4,62.8,Sablo-limoneux,Sud,Pluvial,Faible,Excellent,Moyen,Legumineuses
P0588,7.56,105.6,42.3,67.1,804.9,26.8,44.5,Sableux,Centre,Gravitaire,Eleve,Moyen,Moyen,Cultures_industrielles
P0554,7.3,108.0,52.7,80.7,291.3,30.3,55.0,Sableux,Sud,Pluvial,Eleve,Moyen,Moyen,Cultures_industrielles
P0488,7.63,112.4,59.5,71.7,576.0,26.4,28.7,Argileux,Nord,Aspersion,Eleve,Moyen,Moyen,Cultures_industrielles
P0094,6.57,132.3,82.0,91.6,755.4,24.1,54.5,Argilo-limoneux,Ouest,Aspersion,Moyen,Bon,Eleve,Cereales
P0467,6.24,105.2,54.2,75.9,396.9,26.3,33.0,Argileux,Est,Pluvial,Eleve,Moyen,Bas,Cultures_industrielles
P0070,6.44,116.6,50.7,81.3,798.2,26.2,48.6,Argilo-limoneux,Est,Pluvial,Eleve,Moyen,Moyen,Cereales
P0037,6.78,124.5,50.1,60.3,774.1,25.5,51.8,Limoneux,Centre,Pluvial,Moyen,Excellent,Eleve,Cereales
P0297,7.2,29.9,34.4,58.1,530.8,22.0,55.1,Limoneux,Sud,Pluvial,Faible,Bon,Moyen,Legumineuses
P0161,5.97,43.5,47.9,39.9,573.7,14.0,51.5,Argilo-limoneux,Sud,Goutte-a-goutte,Moyen,Moyen,Moyen,Legumineuses
P0363,5.59,129.6,103.0,111.3,635.9,27.6,64.5,Limoneux,Centre,Goutte-a-goutte,Faible,Excellent,Moyen,Maraichage
P0012,6.51,130.7,73.2,70.5,695.0,23.4,61.8,Argileux,Centre,Pluvial,Moyen,Excellent,Moyen,Cereales
P0145,6.8,122.1,44.3,85.6,746.6,27.1,58.6,Argilo-limoneux,Ouest,Goutte-a-goutte,Moyen,Moyen,Moyen,Cereales
P0511,6.81,63.3,45.5,76.8,540.0,29.8,28.9,Sableux,Sud,Gravitaire,Eleve,Moyen,Eleve,Cultures_industrielles
P0128,6.47,103.0,68.2,81.6,731.3,23.7,61.0,Limoneux,Sud,Pluvial,Eleve,Bon,Eleve,Cereales
P0530,5.93,109.6,62.4,56.0,659.2,30.6,35.7,Argileux,Sud,Pluvial,Eleve,Mauvais,Eleve,Cultures_industrielles
P0303,6.61,145.5,85.6,110.3,911.9,26.4,67.2,Argileux,Est,Goutte-a-goutte,Moyen,Bon,Eleve,Maraichage
P0010,6.92,128.1,57.6,52.0,834.6,25.1,77.3,Limoneux,Ouest,Pluvial,Moyen,Bon,Moyen,Cereales
P0516,7.77,74.1,64.3,97.5,667.8,29.7,46.2,Argileux,Sud,Gravitaire,Eleve,Excellent,Eleve,Cultures_industrielles
P0177,6.09,32.9,41.6,55.8,616.8,24.5,41.0,Limoneux,Est,Pluvial,Eleve,Excellent,Moyen,Legumineuses
P0232,6.93,17.7,62.7,38.9,516.5,24.5,56.4,Sablo-limoneux,Est,Goutte-a-goutte,Moyen,Excellent,Bas,Legumineuses
P0211,6.92,40.9,51.3,42.7,608.2,18.8,55.7,Argilo-limoneux,Sud,Pluvial,Faible,Excellent,Moyen,Legumineuses
P0129,6.74,116.4,72.7,47.8,651.4,23.0,64.9,Limoneux,Est,Aspersion,Eleve,Moyen,Eleve,Cereales
P0144,6.77,132.0,58.9,75.0,702.3,26.5,59.7,Argilo-limoneux,Ouest,Aspersion,Moyen,Moyen,Moyen,Cereales
P0242,6.99,54.8,35.6,29.0,669.3,23.2,66.9,Limoneux,Ouest,Pluvial,Moyen,Bon,Moyen,Legumineuses
P0008,7.01,124.5,52.9,54.5,588.0,23.6,66.0,Limoneux,Est,Aspersion,Moyen,Bon,Moyen,Cereales
P0594,6.7,131.2,36.5,125.0,348.6,30.8,37.2,Argileux,Sud,Pluvial,Moyen,Bon,Moyen,Cultures_industrielles
P0299,6.22,46.6,59.9,62.1,516.9,18.1,71.8,Limoneux,Sud,Goutte-a-goutte,Moyen,Bon,Bas,Legumineuses
P0311,5.78,145.1,96.3,106.4,600.0,24.9,54.1,Argilo-limoneux,Sud,Aspersion,Eleve,Bon,Eleve,Maraichage
P0255,6.79,31.6,29.3,46.7,750.0,16.6,60.8,Sablo-limoneux,Nord,Pluvial,Moyen,Excellent,Moyen,Legumineuses
P0582,6.25,95.8,34.1,85.7,430.1,36.0,38.3,Sableux,Centre,Gravitaire,Moyen,Bon,Bas,Cultures_industrielles
P0464,6.37,105.4,71.8,94.8,395.8,32.1,47.4,Limoneux,Est,Pluvial,Eleve,Moyen,Moyen,Cultures_industrielles
P0009,6.51,91.2,66.6,61.7,539.9,20.4,65.2,Argileux,Ouest,Aspersion,Eleve,Moyen,Bas,Cereales
P0157,5.83,26.6,25.0,44.1,564.8,20.3,52.2,Sablo-limoneux,Nord,Pluvial,Moyen,Bon,Moyen,Legumineuses
P0028,6.85,144.1,69.5,74.7,688.7,22.3,63.0,Limoneux,Centre,Pluvial,Moyen,Bon,Moyen,Cereales
P0267,6.56,46.3,67.9,25.0,638.1,17.6,59.3,Limoneux,Nord,Pluvial,Eleve,Moyen,Eleve,Legumineuses
P0315,6.63,157.5,130.0,125.1,658.3,22.8,64.1,Limoneux,Nord,Goutte-a-goutte,Moyen,Bon,Eleve,Maraichage
P0065,7.03,108.7,68.3,61.3,635.8,26.1,59.3,Argilo-limoneux,Est,Aspersion,Eleve,Bon,Moyen,Cereales
P0587,7.02,80.7,65.3,64.0,611.8,29.0,34.7,Limoneux,Centre,Gravitaire,Eleve,Moyen,Eleve,Cultures_industrielles
P0256,6.45,47.0,44.8,52.6,545.2,15.2,57.5,Argilo-limoneux,Nord,Pluvial,Faible,Bon,Moyen,Legumineuses
P0493,7.43,124.7,45.7,84.4,599.5,24.8,58.1,Sableux,Nord,Aspersion,Eleve,Bon,Bas,Cultures_industrielles
P0154,7.19,50.2,37.0,56.6,529.0,14.0,42.5,Limoneux,Sud,Aspersion,Moyen,Bon,Moyen,Legumineuses
P0049,6.84,116.2,51.4,56.9,679.2,23.1,59.6,Limoneux,Nord,Pluvial,Moyen,Bon,Moyen,Cereales
P0209,6.38,50.6,57.4,50.8,678.2,19.2,44.3,Argilo-limoneux,Est,Goutte-a-goutte,Moyen,Moyen,Eleve,Legumineuses
P0522,6.46,88.3,52.8,120.6,387.2,23.8,37.5,Argileux,Sud,Gravitaire,Moyen,Moyen,Moyen,Cultures_industrielles
P0288,6.77,41.8,52.6,66.2,480.9,15.4,56.5,Limoneux,Sud,Goutte-a-goutte,Eleve,Bon,Moyen,Legumineuses
P0002,6.64,121.9,53.3,84.3,617.0,18.9,56.9,Limoneux,Ouest,Goutte-a-goutte,Eleve,Moyen,Moyen,Cereales
P0342,5.81,142.9,92.9,85.3,677.8,26.4,58.5,Limoneux,Centre,Aspersion,Eleve,Excellent,Moyen,Maraichage
P0270,6.55,58.7,56.2,53.6,536.2,21.1,63.7,Sablo-limoneux,Sud,Goutte-a-goutte,Moyen,Bon,Bas,Legumineuses
P0266,7.2,27.6,46.9,26.4,350.0,14.9,55.2,Limoneux,Ouest,Pluvial,Eleve,Moyen,Bas,Legumineuses
P0537,7.58,65.3,37.6,81.1,561.4,25.3,54.3,Sableux,Est,Aspersion,Eleve,Moyen,Bas,Cultures_industrielles
P0453,7.61,93.1,68.6,100.9,497.8,36.0,45.9,Limoneux,Ouest,Pluvial,Eleve,Moyen,Eleve,Cultures_industrielles
P0568,6.99,82.1,31.7,100.6,580.1,25.9,48.9,Sableux,Nord,Gravitaire,Moyen,Bon,Moyen,Cultures_industrielles
P0369,6.0,158.2,72.6,84.4,758.6,28.3,67.6,Argileux,Ouest,Goutte-a-goutte,Eleve,Bon,Moyen,Maraichage
P0096,6.11,108.3,54.4,58.0,672.1,24.5,57.8,Argilo-limoneux,Sud,Aspersion,Eleve,Bon,Bas,Cereales
P0571,7.45,110.0,54.6,104.8,599.9,27.6,32.0,Limoneux,Sud,Gravitaire,Eleve,Bon,Moyen,Cultures_industrielles
P0353,6.05,90.0,110.0,108.0,500.0,17.1,70.1,Argileux,Centre,Aspersion,Eleve,Bon,Eleve,Maraichage
P0043,6.65,119.3,62.9,71.2,676.6,23.8,65.2,Argilo-limoneux,Ouest,Pluvial,Faible,Excellent,Moyen,Cereales
P0362,6.39,164.2,109.5,104.9,879.6,22.0,63.3,Limoneux,Sud,Aspersion,Eleve,Bon,Moyen,Maraichage
P0438,7.1,138.1,88.7,104.2,713.1,18.1,56.3,Limoneux,Centre,Aspersion,Faible,Excellent,Eleve,Maraichage
P0592,7.42,82.8,54.4,62.7,713.6,24.3,37.8,Argileux,Sud,Gravitaire,Eleve,Moyen,Bas,Cultures_industrielles
P0117,6.69,147.6,78.6,39.4,710.3,23.9,54.8,Argilo-limoneux,Est,Aspersion,Eleve,Bon,Moyen,Cereales
P0425,6.53,167.9,117.6,87.6,886.5,22.6,70.8,Argilo-limoneux,Nord,Goutte-a-goutte,Eleve,Bon,Eleve,Maraichage
P0046,6.41,122.7,62.8,78.1,675.5,26.2,51.4,Argileux,Ouest,Pluvial,Eleve,Excellent,Moyen,Cereales
P0162,6.68,25.8,36.7,40.2,517.6,21.7,68.1,Argilo-limoneux,Sud,Goutte-a-goutte,Moyen,Bon,Moyen,Legumineuses
P0556,7.5,90.8,85.0,127.4,640.9,27.9,48.1,Argileux,Est,Aspersion,Eleve,Moyen,Moyen,Cultures_industrielles
P0118,6.23,86.4,61.4,54.9,713.5,24.0,56.1,Limoneux,Ouest,Aspersion,Moyen,Bon,Bas,Cereales
P0289,6.23,38.7,58.6,47.5,607.4,19.6,47.0,Limoneux,Centre,Aspersion,Moyen,Moyen,Moyen,Legumineuses
P0078,6.58,93.4,62.2,70.7,857.7,21.4,40.6,Limoneux,Centre,Aspersion,Eleve,Moyen,Moyen,Cereales
P0527,7.19,130.1,62.8,95.3,499.0,28.0,49.2,Sableux,Sud,Gravitaire,Eleve,Moyen,Bas,Cultures_industrielles
P0390,6.7,144.6,98.3,121.5,795.3,24.6,64.4,Limoneux,Sud,Goutte-a-goutte,Eleve,Bon,Moyen,Maraichage
P0560,7.22,78.0,35.9,105.7,564.5,26.3,40.3,Limoneux,Sud,Pluvial,Eleve,Excellent,Bas,Cultures_industrielles
P0413,6.13,110.5,82.8,95.9,816.5,24.0,65.7,Limoneux,Ouest,Aspersion,Eleve,Bon,Eleve,Maraichage
P0064,6.22,128.0,64.8,56.4,651.1,23.6,65.7,Argileux,Est,Pluvial,Moyen,Excellent,Eleve,Cereales
P0339,6.27,161.1,92.5,106.0,776.8,24.5,80.0,Argileux,Sud,Goutte-a-goutte,Moyen,Excellent,Moyen,Maraichage
P0316,5.83,130.6,92.9,131.7,622.2,17.7,74.1,Limoneux,Sud,Goutte-a-goutte,Moyen,Moyen,Moyen,Maraichage
P0300,6.16,35.7,42.8,47.8,384.7,21.4,51.9,Sablo-limoneux,Nord,Goutte-a-goutte,Moyen,Moyen,Bas,Legumineuses
P0400,5.65,140.9,108.9,117.8,642.9,20.6,62.7,Argileux,Nord,Aspersion,Eleve,Excellent,Moyen,Maraichage
P0231,6.22,45.6,53.5,39.8,423.4,22.1,52.0,Sablo-limoneux,Nord,Aspersion,Moyen,Excellent,Moyen,Legumineuses
P0298,5.77,44.9,37.5,48.4,546.6,22.1,52.2,Limoneux,Est,Aspersion,Moyen,Bon,Moyen,Legumineuses
P0187,5.7,16.9,34.2,47.8,560.3,19.9,52.5,Limoneux,Nord,Pluvial,Eleve,Bon,Bas,Legumineuses
P0469,7.86,58.5,55.1,92.9,480.3,30.7,51.6,Sableux,Centre,Gravitaire,Eleve,Bon,Moyen,Cultures_industrielles
P0200,5.9,26.0,41.6,30.5,678.7,25.1,52.2,Limoneux,Centre,Pluvial,Moyen,Moyen,Bas,Legumineuses
P0421,6.05,153.5,78.9,106.7,968.8,19.8,57.2,Limoneux,Centre,Goutte-a-goutte,Moyen,Excellent,Moyen,Maraichage
P0366,5.73,190.0,84.3,140.1,800.4,24.1,61.0,Argileux,Ouest,Goutte-a-goutte,Eleve,Excellent,Eleve,Maraichage
P0524,5.62,122.6,72.2,100.1,641.5,32.1,42.3,Limoneux,Nord,Gravitaire,Faible,Bon,Bas,Cultures_industrielles
P0397,6.04,137.9,99.1,118.7,811.8,25.6,70.3,Argileux,Est,Goutte-a-goutte,Moyen,Excellent,Eleve,Maraichage
P0122,6.34,86.3,81.1,95.1,546.1,20.6,55.4,Limoneux,Est,Aspersion,Eleve,Moyen,Bas,Cereales
P0574,7.31,125.9,51.3,67.1,500.5,34.4,51.4,Sableux,Centre,Aspersion,Eleve,Moyen,Bas,Cultures_industrielles
P0248,6.13,31.6,49.2,55.9,497.3,27.0,46.8,Sablo-limoneux,Centre,Pluvial,Eleve,Moyen,Bas,Legumineuses
P0308,6.45,153.0,75.2,129.7,743.8,22.1,67.1,Limoneux,Sud,Goutte-a-goutte,Eleve,Bon,Eleve,Maraichage
P0570,7.17,105.1,36.7,95.6,280.0,28.4,41.7,Sableux,Sud,Pluvial,Eleve,Bon,Moyen,Cultures_industrielles
P0364,6.54,155.0,79.4,105.9,728.5,20.8,68.9,Limoneux,Centre,Goutte-a-goutte,Eleve,Excellent,Moyen,Maraichage
P0159,6.52,42.0,44.3,66.7,613.1,18.0,55.5,Sablo-limoneux,Est,Aspersion,Moyen,Bon,Eleve,Legumineuses
P0086,6.5,127.7,61.8,70.7,764.2,23.7,50.7,Argilo-limoneux,Centre,Aspersion,Eleve,Moyen,Bas,Cereales
P0226,6.11,48.1,50.7,39.1,596.1,20.1,63.3,Sablo-limoneux,Ouest,Pluvial,Eleve,Bon,Bas,Legumineuses
P0377,6.57,116.6,90.0,106.7,887.0,26.6,47.8,Limoneux,Nord,Aspersion,Moyen,Bon,Eleve,Maraichage
P0263,6.37,15.0,46.1,69.6,585.7,24.8,54.1,Limoneux,Nord,Goutte-a-goutte,Moyen,Bon,Moyen,Legumineuses
P0332,6.81,159.8,106.6,121.0,684.9,21.0,64.9,Argilo-limoneux,Centre,Goutte-a-goutte,Faible,Bon,Eleve,Maraichage
P0234,6.86,62.6,49.3,40.1,697.1,24.4,54.1,Sablo-limoneux,Sud,Goutte-a-goutte,Eleve,Bon,Moyen,Legumineuses
P0077,6.73,116.3,70.5,45.6,600.0,27.7,56.4,Argileux,Est,Pluvial,Eleve,Moyen,Eleve,Cereales
P0476,6.71,109.6,72.6,107.6,403.4,30.0,46.6,Limoneux,Ouest,Gravitaire,Eleve,Excellent,Eleve,Cultures_industrielles
P0526,6.71,118.2,47.4,83.3,552.6,29.9,55.3,Argileux,Centre,Gravitaire,Moyen,Moyen,Moyen,Cultures_industrielles
P0150,6.82,127.6,47.3,75.7,573.4,20.5,71.0,Limoneux,Nord,Pluvial,Moyen,Bon,Moyen,Cereales
P0088,6.83,118.7,82.5,64.2,666.3,20.0,67.0,Argilo-limoneux,Ouest,Pluvial,Eleve,Bon,Bas,Cereales
P0458,6.42,76.6,57.9,70.3,603.3,32.1,49.0,Sableux,Est,Pluvial,Eleve,Moyen,Bas,Cultures_industrielles
P0422,6.02,157.5,106.9,133.9,721.5,20.4,65.3,Limoneux,Nord,Goutte-a-goutte,Eleve,Excellent,Moyen,Maraichage
P0600,7.01,113.5,48.4,78.8,663.4,28.4,47.3,Argileux,Ouest,Pluvial,Eleve,Moyen,Moyen,Cultures_industrielles
P0183,6.44,40.2,50.1,55.9,539.5,18.1,48.3,Sablo-limoneux,Centre,Pluvial,Moyen,Moyen,Moyen,Legumineuses
P0477,5.68,124.3,52.5,47.2,496.0,28.7,33.1,Sableux,Centre,Gravitaire,Eleve,Mauvais,Eleve,Cultures_industrielles
P0106,6.86,105.3,67.5,63.8,754.5,21.3,63.1,Argilo-limoneux,Centre,Aspersion,Eleve,Mauvais,Moyen,Cereales
P0333,6.22,128.7,61.7,95.0,801.1,22.8,65.1,Limoneux,Est,Goutte-a-goutte,Eleve,Mauvais,Eleve,Maraichage
P0439,6.51,132.5,85.5,121.3,687.9,28.7,56.6,Limoneux,Ouest,Pluvial,Moyen,Bon,Eleve,Maraichage
P0050,5.99,92.1,57.4,49.3,762.7,23.1,61.9,Limoneux,Centre,Goutte-a-goutte,Moyen,Bon,Bas,Cereales
P0336,5.77,131.7,88.7,102.5,633.6,21.6,66.7,Limoneux,Centre,Aspersion,Eleve,Bon,Eleve,Maraichage
P0006,6.61,100.7,61.4,58.1,868.9,30.0,60.4,Limoneux,Sud,Goutte-a-goutte,Moyen,Mauvais,Moyen,Cereales
P0018,6.83,152.9,56.3,81.4,765.3,28.3,61.5,Limoneux,Ouest,Pluvial,Moyen,Bon,Moyen,Cereales
P0235,6.48,31.4,53.4,58.5,417.0,18.6,43.9,Limoneux,Est,Pluvial,Moyen,Excellent,Eleve,Legumineuses
P0487,6.63,85.7,64.4,95.0,773.9,28.9,37.7,Limoneux,Sud,Gravitaire,Eleve,Bon,Bas,Cultures_industrielles
P0532,7.03,105.2,36.3,89.2,577.5,24.8,39.6,Argileux,Centre,Gravitaire,Moyen,Moyen,Moyen,Cultures_industrielles
P0373,5.92,148.2,73.3,138.9,611.8,20.6,73.4,Limoneux,Est,Goutte-a-goutte,Moyen,Excellent,Eleve,Maraichage
P0111,5.93,96.5,68.5,74.3,719.0,23.6,70.5,Limoneux,Est,Pluvial,Eleve,Bon,Eleve,Cereales
P0107,7.45,140.3,47.2,62.7,584.8,20.5,67.2,Argilo-limoneux,Ouest,Pluvial,Eleve,Bon,Eleve,Cereales
P0444,6.1,174.8,130.0,82.9,796.3,25.1,70.8,Argileux,Est,Aspersion,Eleve,Excellent,Moyen,Maraichage
P0419,5.87,148.5,118.7,123.5,651.0,24.0,69.3,Argileux,Centre,Goutte-a-goutte,Eleve,Excellent,Moyen,Maraichage
P0489,6.51,121.0,44.5,86.3,423.2,32.6,38.5,Argileux,Centre,Pluvial,Eleve,Bon,Bas,Cultures_industrielles
P0135,6.33,157.7,78.0,72.7,792.6,25.0,56.1,Limoneux,Centre,Pluvial,Eleve,Bon,Moyen,Cereales
P0013,6.8,138.2,69.9,59.5,725.2,30.0,62.0,Limoneux,Ouest,Pluvial,Faible,Moyen,Bas,Cereales
P0227,6.72,37.3,46.5,37.0,543.3,22.4,56.4,Limoneux,Ouest,Pluvial,Moyen,Bon,Moyen,Legumineuses
P0215,6.69,33.7,50.9,61.4,615.5,18.9,56.4,Sablo-limoneux,Est,Pluvial,Moyen,Bon,Moyen,Legumineuses
P0191,5.7,18.2,51.6,46.2,640.7,20.0,50.9,Argilo-limoneux,Nord,Aspersion,Moyen,Bon,Moyen,Legumineuses
P0253,6.14,35.1,49.5,35.5,644.9,24.7,38.9,Sablo-limoneux,Ouest,Aspersion,Eleve,Moyen,Eleve,Legumineuses
P0321,6.5,101.7,75.9,96.0,828.2,26.1,73.3,Limoneux,Est,Goutte-a-goutte,Moyen,Excellent,Moyen,Maraichage
P0283,6.11,38.0,53.2,57.0,600.5,24.9,46.4,Sablo-limoneux,Centre,Pluvial,Eleve,Moyen,Eleve,Legumineuses
P0030,6.58,169.4,67.5,86.8,798.5,24.9,59.5,Argilo-limoneux,Sud,Goutte-a-goutte,Eleve,Bon,Moyen,Cereales
P0170,6.24,57.3,51.3,52.9,571.5,18.5,45.7,Sablo-limoneux,Nord,Pluvial,Moyen,Moyen,Moyen,Legumineuses
P0490,7.49,71.4,54.5,78.9,640.7,24.1,62.0,Argileux,Ouest,Aspersion,Moyen,Bon,Bas,Cultures_industrielles
P0181,6.18,35.7,46.1,45.6,575.7,24.5,65.8,Sablo-limoneux,Centre,Pluvial,Moyen,Bon,Bas,Legumineuses
P0101,6.13,89.8,40.9,71.3,653.0,21.1,71.2,Argileux,Sud,Aspersion,Moyen,Moyen,Bas,Cereales
P0198,6.67,51.5,41.7,40.5,462.0,21.0,60.7,Sablo-limoneux,Ouest,Goutte-a-goutte,Moyen,Bon,Moyen,Legumineuses
P0496,7.63,77.9,25.6,87.7,558.4,28.3,43.8,Argileux,Ouest,Pluvial,Eleve,Excellent,Moyen,Cultures_industrielles
P0577,7.65,49.7,46.7,97.5,345.2,27.6,50.7,Sableux,Nord,Gravitaire,Eleve,Moyen,Eleve,Cultures_industrielles
P0374,6.26,153.9,109.2,112.0,799.0,23.4,58.7,Limoneux,Est,Aspersion,Eleve,Excellent,Moyen,Maraichage
P0461,7.35,100.7,27.5,100.7,670.9,23.4,38.4,Argileux,Sud,Gravitaire,Eleve,Moyen,Eleve,Cultures_industrielles
P0414,6.13,143.5,130.0,115.7,852.9,21.7,54.0,Limoneux,Est,Goutte-a-goutte,Moyen,Bon,Eleve,Maraichage
P0132,6.73,128.2,35.5,63.8,611.9,21.4,46.7,Argilo-limoneux,Sud,Pluvial,Moyen,Bon,Eleve,Cereales
P0040,6.78,84.7,53.2,83.2,583.4,18.0,55.5,Argilo-limoneux,Est,Aspersion,Faible,Bon,Eleve,Cereales
P0435,6.09,136.0,97.5,94.1,654.8,28.0,68.4,Argileux,Sud,Goutte-a-goutte,Moyen,Bon,Eleve,Maraichage
P0216,5.99,52.2,64.9,25.0,520.9,23.6,51.8,Sablo-limoneux,Nord,Pluvial,Moyen,Bon,Moyen,Legumineuses
P0475,6.09,65.7,38.9,87.9,691.2,29.5,43.1,Argileux,Centre,Aspersion,Moyen,Bon,Moyen,Cultures_industrielles
P0457,7.65,91.1,62.3,67.9,762.2,31.3,38.1,Sableux,Ouest,Pluvial,Eleve,Bon,Eleve,Cultures_industrielles
P0261,6.92,64.6,49.6,58.8,591.9,21.6,54.2,Sablo-limoneux,Sud,Pluvial,Eleve,Bon,Moyen,Legumineuses
P0036,6.21,129.3,58.2,48.7,551.1,26.2,56.0,Argilo-limoneux,Ouest,Aspersion,Eleve,Bon,Eleve,Cereales
P0310,6.85,143.7,98.1,120.1,642.9,24.2,71.5,Limoneux,Centre,Goutte-a-goutte,Moyen,Excellent,Eleve,Maraichage
P0277,6.93,50.6,44.7,25.0,718.3,16.9,59.3,Sablo-limoneux,Sud,Pluvial,Eleve,Bon,Bas,Legumineuses
P0394,6.47,152.5,58.5,84.0,596.9,31.0,54.7,Argilo-limoneux,Nord,Goutte-a-goutte,Moyen,Bon,Eleve,Maraichage
P0108,6.77,100.8,58.3,63.5,857.9,24.4,65.1,Argilo-limoneux,Est,Aspersion,Eleve,Bon,Bas,Cereales
P0558,7.1,77.1,66.5,61.8,427.8,25.8,44.5,Sableux,Centre,Aspersion,Eleve,Moyen,Eleve,Cultures_industrielles
P0525,6.03,92.7,48.9,90.4,521.5,25.7,24.8,Sableux,Ouest,Aspersion,Eleve,Moyen,Moyen,Cultures_industrielles
P0048,7.12,118.1,43.1,67.1,695.1,25.0,54.5,Limoneux,Est,Pluvial,Moyen,Bon,Eleve,Cereales
P0204,6.7,39.9,38.1,38.8,535.3,21.1,55.4,Sablo-limoneux,Est,Pluvial,Moyen,Bon,Bas,Legumineuses
P0022,6.61,98.7,67.1,35.5,742.4,21.3,51.8,Limoneux,Est,Pluvial,Moyen,Bon,Moyen,Cereales
P0403,6.21,102.6,83.6,92.2,857.6,16.8,64.8,Limoneux,Sud,Goutte-a-goutte,Eleve,Moyen,Eleve,Maraichage
P0084,6.49,102.0,53.7,51.8,744.0,20.7,59.6,Argilo-limoneux,Est,Aspersion,Moyen,Moyen,Eleve,Cereales
P0131,6.08,117.3,45.8,75.1,717.6,30.0,57.9,Argilo-limoneux,Centre,Pluvial,Moyen,Moyen,Eleve,Cereales
P0416,6.14,137.6,84.6,119.5,790.4,27.5,64.6,Limoneux,Est,Aspersion,Eleve,Excellent,Eleve,Maraichage
P0287,6.26,50.3,50.4,50.1,468.9,20.5,54.7,Limoneux,Est,Pluvial,Eleve,Bon,Moyen,Legumineuses
P0124,6.14,115.2,71.7,66.7,766.9,20.8,77.1,Argilo-limoneux,Est,Pluvial,Faible,Moyen,Bas,Cereales
P0034,6.28,124.6,51.9,73.1,661.6,24.8,42.4,Limoneux,Nord,Aspersion,Moyen,Excellent,Eleve,Cereales
P0517,7.55,88.8,36.1,90.8,562.1,29.6,46.4,Sableux,Centre,Pluvial,Eleve,Moyen,Moyen,Cultures_industrielles
P0020,6.14,99.9,58.4,61.4,720.1,28.4,61.6,Limoneux,Sud,Pluvial,Moyen,Bon,Eleve,Cereales
P0548,7.48,110.7,49.4,118.0,467.2,29.7,37.3,Argileux,Nord,Aspersion,Eleve,Bon,Bas,Cultures_industrielles
P0220,6.59,35.7,46.8,43.4,602.4,16.8,57.1,Sablo-limoneux,Centre,Goutte-a-goutte,Faible,Moyen,Eleve,Legumineuses
P0482,6.94,93.5,48.0,104.2,822.4,27.9,37.2,Limoneux,Est,Gravitaire,Eleve,Moyen,Moyen,Cultures_industrielles
P0357,5.78,121.5,64.3,130.3,833.2,17.9,64.0,Limoneux,Sud,Aspersion,Moyen,Excellent,Eleve,Maraichage
P0225,6.47,44.2,48.0,63.3,645.4,21.1,58.6,Sablo-limoneux,Ouest,Pluvial,Moyen,Bon,Bas,Legumineuses
P0093,6.42,125.1,44.2,77.9,602.7,19.6,58.0,Argilo-limoneux,Sud,Pluvial,Moyen,Bon,Moyen,Cereales
P0152,6.68,52.2,36.7,62.7,603.8,18.1,43.1,Sablo-limoneux,Nord,Pluvial,Moyen,Bon,Moyen,Legumineuses
P0583,8.2,84.6,36.7,88.8,701.8,30.0,40.6,Argileux,Est,Gravitaire,Eleve,Excellent,Bas,Cultures_industrielles
P0318,6.86,161.5,55.0,119.8,682.7,26.3,52.8,Argileux,Centre,Aspersion,Moyen,Bon,Eleve,Maraichage
P0449,5.88,150.5,128.0,103.3,923.0,30.6,60.1,Limoneux,Est,Aspersion,Moyen,Bon,Eleve,Maraichage
P0523,6.89,87.9,45.9,90.8,770.4,27.0,31.9,Sableux,Centre,Gravitaire,Eleve,Moyen,Moyen,Cultures_industrielles
P0280,6.55,69.3,43.9,26.6,472.0,14.0,57.9,Limoneux,Centre,Pluvial,Moyen,Moyen,Moyen,Legumineuses
P0350,5.79,90.0,83.2,70.0,880.6,17.9,71.6,Limoneux,Nord,Pluvial,Faible,Moyen,Eleve,Maraichage
P0375,6.04,156.8,66.8,108.6,969.6,19.6,59.5,Argileux,Est,Pluvial,Eleve,Moyen,Eleve,Maraichage
P0401,6.48,127.1,79.8,139.0,917.1,23.7,50.0,Argilo-limoneux,Centre,Goutte-a-goutte,Eleve,Bon,Eleve,Maraichage
P0258,6.56,44.9,39.6,49.2,506.9,17.9,40.2,Argilo-limoneux,Centre,Goutte-a-goutte,Moyen,Mauvais,Bas,Legumineuses
P0073,6.69,128.7,77.4,60.1,669.2,29.9,66.7,Limoneux,Centre,Goutte-a-goutte,Moyen,Excellent,Bas,Cereales
P0196,6.44,30.0,39.5,61.8,750.0,22.1,64.0,Sablo-limoneux,Est,Pluvial,Moyen,Moyen,Moyen,Legumineuses
P0484,6.76,107.6,28.3,101.9,409.2,28.5,28.2,Argileux,Centre,Gravitaire,Moyen,Excellent,Moyen,Cultures_industrielles
P0138,6.57,126.8,43.4,57.3,788.4,21.9,48.3,Limoneux,Centre,Aspersion,Eleve,Bon,Moyen,Cereales
P0495,7.06,64.4,46.1,59.6,697.9,26.2,36.9,Sableux,Nord,Gravitaire,Eleve,Moyen,Moyen,Cultures_industrielles
P0551,7.25,109.6,31.9,101.3,541.2,28.2,39.7,Sableux,Sud,Aspersion,Eleve,Moyen,Moyen,Cultures_industrielles
P0463,8.2,73.5,37.1,80.1,536.3,29.4,43.7,Limoneux,Centre,Aspersion,Eleve,Moyen,Bas,Cultures_industrielles
P0202,5.93,44.6,56.0,46.2,504.9,21.1,56.2,Limoneux,Nord,Pluvial,Moyen,Moyen,Bas,Legumineuses
P0313,5.5,172.4,113.3,148.3,830.4,27.4,74.6,Limoneux,Centre,Pluvial,Eleve,Bon,Moyen,Maraichage
P0291,6.44,47.2,50.3,50.3,577.7,22.7,45.8,Limoneux,Est,Goutte-a-goutte,Moyen,Excellent,Moyen,Legumineuses
P0190,6.22,25.1,45.8,48.2,636.0,22.2,42.9,Limoneux,Ouest,Pluvial,Moyen,Bon,Moyen,Legumineuses
P0113,6.72,60.0,41.6,83.1,651.0,27.6,76.6,Argilo-limoneux,Nord,Pluvial,Moyen,Moyen,Moyen,Cereales
P0184,6.24,47.8,50.9,70.4,484.9,16.8,58.3,Limoneux,Ouest,Pluvial,Eleve,Bon,Moyen,Legumineuses
P0153,6.6,46.5,48.8,55.6,489.4,19.3,50.5,Sablo-limoneux,Centre,Goutte-a-goutte,Moyen,Excellent,Eleve,Legumineuses
P0326,6.49,154.7,106.1,125.9,949.8,32.0,63.8,Limoneux,Est,Goutte-a-goutte,Eleve,Excellent,Eleve,Maraichage
P0045,6.11,118.5,54.3,92.8,677.9,19.8,74.8,Argilo-limoneux,Sud,Aspersion,Moyen,Moyen,Eleve,Cereales
P0445,6.04,176.1,96.5,107.1,787.3,23.0,57.8,Argilo-limoneux,Ouest,Aspersion,Moyen,Bon,Eleve,Maraichage
P0007,7.33,152.3,75.3,68.4,630.4,24.5,49.1,Argileux,Sud,Pluvial,Eleve,Moyen,Moyen,Cereales
P0251,6.77,42.1,46.7,58.6,639.9,22.0,52.2,Limoneux,Est,Pluvial,Eleve,Bon,Moyen,Legumineuses
P0076,7.03,136.8,50.8,42.9,630.0,27.4,44.9,Argilo-limoneux,Sud,Pluvial,Moyen,Bon,Eleve,Cereales
P0513,6.38,127.7,59.0,111.1,490.5,27.7,36.3,Sableux,Ouest,Aspersion,Eleve,Moyen,Bas,Cultures_industrielles
P0392,6.26,132.7,104.8,89.2,758.6,18.9,70.5,Argileux,Nord,Aspersion,Eleve,Bon,Eleve,Maraichage
P0433,6.7,177.6,70.8,82.8,981.4,27.1,59.3,Limoneux,Nord,Goutte-a-goutte,Faible,Moyen,Eleve,Maraichage
P0069,6.84,105.3,61.2,71.5,461.4,23.2,59.7,Limoneux,Sud,Aspersion,Eleve,Mauvais,Eleve,Cereales
P0168,6.36,25.6,59.2,74.0,553.5,19.0,45.6,Argilo-limoneux,Sud,Pluvial,Eleve,Bon,Eleve,Legumineuses
P0555,6.8,65.3,68.2,114.9,653.9,26.8,41.7,Argileux,Nord,Pluvial,Moyen,Moyen,Moyen,Cultures_industrielles
P0367,6.05,155.3,123.8,103.6,684.7,18.3,72.8,Argilo-limoneux,Nord,Goutte-a-goutte,Moyen,Bon,Eleve,Maraichage
P0346,6.12,112.3,55.0,126.9,814.5,24.0,79.4,Argileux,Centre,Pluvial,Moyen,Bon,Eleve,Maraichage
P0585,6.49,127.3,38.6,71.9,333.2,29.7,31.7,Argileux,Centre,Aspersion,Eleve,Bon,Bas,Cultures_industrielles
P0536,6.61,114.3,50.4,74.8,460.0,34.0,30.5,Limoneux,Sud,Aspersion,Moyen,Moyen,Bas,Cultures_industrielles
P0399,6.04,127.9,60.1,78.5,780.2,25.4,68.6,Limoneux,Sud,Goutte-a-goutte,Moyen,Excellent,Eleve,Maraichage
P0186,6.51,35.8,46.0,40.9,718.4,24.2,70.0,Argilo-limoneux,Est,Pluvial,Moyen,Bon,Eleve,Legumineuses
P0349,6.28,126.6,66.3,117.8,651.2,21.1,80.0,Limoneux,Centre,Aspersion,Eleve,Bon,Moyen,Maraichage
P0212,6.15,53.0,32.7,49.4,449.4,18.0,50.7,Sablo-limoneux,Centre,Pluvial,Moyen,Bon,Moyen,Legumineuses
P0580,5.88,110.6,65.7,82.5,628.8,26.8,55.7,Sableux,Centre,Aspersion,Eleve,Excellent,Moyen,Cultures_industrielles
P0503,5.94,73.3,43.0,77.9,595.5,30.4,23.7,Argileux,Centre,Gravitaire,Eleve,Moyen,Eleve,Cultures_industrielles
P0538,6.99,120.5,59.7,61.8,850.0,26.1,46.5,Argileux,Sud,Pluvial,Moyen,Bon,Bas,Cultures_industrielles
P0197,6.23,38.7,28.0,42.1,744.0,23.1,55.1,Sablo-limoneux,Nord,Goutte-a-goutte,Moyen,Moyen,Bas,Legumineuses
P0176,6.22,58.7,39.1,46.7,750.0,20.1,46.1,Sablo-limoneux,Est,Aspersion,Faible,Bon,Moyen,Legumineuses
